Task lang,Aux lang,GENETIC,SYNTACTIC,FEATURAL,PHONOLOGICAL,INVENTORY,GEOGRAPHIC
nige1257,russ1264,1.0,0.8064,0.7338,0.4435,0.413,0.3632
nige1257,nort2641,0.9273,0.8169,0.7373,0.4587,0.521,0.1959
nige1257,uppe1395,0.9139,0.554,0.587,0.4574,0.6655,0.1878
nige1257,kaza1248,1.0,0.8948,0.7943,0.6351,0.5078,0.2679
nige1257,nucl1235,0.8886,0.7558,0.7196,0.5303,0.498,0.2074
nige1257,swed1236,1.0,0.554,0.587,0.4574,0.6655,0.2192
nige1257,lith1251,0.8886,0.7524,0.7206,0.4435,0.5146,0.2112
nige1257,bela1254,0.9037,0.7301,0.6954,0.4435,0.409,0.2061
nige1257,mara1378,0.9214,0.7974,0.738,0.4435,0.4871,0.2974
nige1257,copt1239,1.0,0.7789,0.7151,0.4435,0.4249,0.1439
nige1257,tami1289,1.0,0.8296,0.7507,0.4404,0.5003,0.3076
nige1257,iris1253,0.9273,0.7515,0.7073,0.3945,0.5183,0.1968
nige1257,hung1274,1.0,0.7169,0.6769,0.4404,0.4335,0.1755
nige1257,telu1262,1.0,0.8087,0.7382,0.405,0.4862,0.305
nige1257,afri1274,0.6987,0.6029,0.5679,0.3195,0.4033,0.1797
nige1257,viet1252,1.0,0.7708,0.7185,0.4587,0.5088,0.3911
nige1257,uigh1240,1.0,0.8186,0.7309,0.4435,0.4296,0.3064
nige1257,mode1248,0.9139,0.6808,0.6703,0.4779,0.5096,0.1664
nige1257,nort2671,1.0,0.7429,0.7119,0.5187,0.5071,0.2592
nige1257,gali1258,0.942,0.6988,0.6636,0.402,0.3887,0.1529
nige1257,serb1264,0.9273,0.7248,0.6667,0.405,0.3634,0.1687
nige1257,goth1244,0.7196,0.7513,0.6872,0.405,0.3808,0.191
nige1257,nucl1301,1.0,0.7698,0.7196,0.4779,0.5199,0.1755
nige1257,mand1415,1.0,0.7569,0.7211,0.4947,0.5884,0.3955
nige1257,urdu1245,0.9273,0.7618,0.7149,0.4697,0.5421,0.2634
nige1257,chur1257,0.9139,0.554,0.587,0.4574,0.6655,0.1679
nige1257,swed1254,0.7592,0.6974,0.6793,0.4697,0.5065,0.2233
nige1257,dani1285,0.7592,0.6893,0.646,0.3649,0.3529,0.2
nige1257,indo1316,1.0,0.7471,0.686,0.4404,0.3821,0.4132
nige1257,ukra1253,0.9139,0.7148,0.6736,0.405,0.3982,0.1863
nige1257,west2369,0.9273,0.7631,0.713,0.4947,0.4629,0.2239
nige1257,hebr1245,1.0,0.7145,0.7118,0.5427,0.562,0.1595
nige1257,basq1248,0.9654,0.7651,0.7351,0.5062,0.549,0.152
nige1257,latv1249,0.8886,0.7278,0.691,0.405,0.3928,0.2177
nige1257,slov1268,0.9139,0.7111,0.6817,0.4435,0.4353,0.1679
nige1257,croa1245,0.9273,0.7665,0.7086,0.4813,0.4801,0.1657
nige1257,roma1327,0.932,0.7095,0.656,0.4404,0.3611,0.1797
nige1257,slov1269,0.9139,0.554,0.587,0.4574,0.6655,0.1808
nige1257,bulg1262,0.9214,0.7101,0.6824,0.4435,0.5282,0.1703
nige1257,port1283,0.942,0.6875,0.6481,0.3224,0.3617,0.1487
nige1257,dutc1256,0.7366,0.7039,0.6668,0.4587,0.4382,0.1875
nige1257,stan1293,0.2804,0.6611,0.6422,0.402,0.492,0.1925
nige1257,ital1282,0.9359,0.7005,0.6602,0.405,0.3392,0.153
nige1257,stan1289,0.9392,0.7006,0.6547,0.3649,0.3561,0.1447
nige1257,hind1269,0.9273,0.748,0.7089,0.422,0.5146,0.2973
nige1257,poli1260,0.9139,0.7431,0.7059,0.3649,0.4774,0.1935
nige1257,stan1295,0.6723,0.6873,0.6596,0.4947,0.4663,0.176
nige1257,oldf1239,0.9445,0.7434,0.6904,0.4813,0.4135,0.1624
nige1257,stan1288,0.9445,0.7024,0.6835,0.4779,0.5268,0.1399
nige1257,stan1290,0.9445,0.7124,0.6768,0.422,0.4454,0.1708
nige1257,finn1318,1.0,0.7251,0.6863,0.4404,0.4713,0.2471
nige1257,anci1242,0.9037,0.73,0.689,0.4404,0.3952,0.1523
nige1257,norw1258,0.7349,0.681,0.6805,0.4697,0.5904,0.221
nige1257,stan1318,1.0,0.7662,0.7232,0.4435,0.429,0.1837
nige1257,lati1261,0.9139,0.7554,0.7024,0.4404,0.3952,0.148
nige1257,esto1258,0.9654,0.714,0.6663,0.405,0.3952,0.2275
nige1257,kore1280,1.0,0.7868,0.7464,0.6022,0.5422,0.4217
nige1257,nucl1643,1.0,0.8268,0.7578,0.5062,0.4713,0.4375
nige1257,russ1263,0.9037,0.7282,0.7113,0.4435,0.4949,0.2938
nige1257,czec1258,0.9214,0.7498,0.7118,0.4435,0.4653,0.1828
amha1245,russ1264,1.0,0.5272,0.5004,0.4208,0.4717,0.2807
amha1245,nort2641,1.0,0.6143,0.5332,0.4225,0.436,0.1151
amha1245,uppe1395,1.0,0.7433,0.7078,0.5426,0.6655,0.1964
amha1245,kaza1248,1.0,0.7342,0.7056,0.6695,0.5673,0.1686
amha1245,nucl1235,1.0,0.504,0.4836,0.3578,0.4249,0.1292
amha1245,swed1236,1.0,0.7433,0.7078,0.5426,0.6655,0.2205
amha1245,lith1251,1.0,0.5501,0.5082,0.319,0.4713,0.1991
amha1245,bela1254,1.0,0.5611,0.5298,0.319,0.3787,0.1902
amha1245,mara1378,1.0,0.5925,0.5445,0.319,0.466,0.1621
amha1245,copt1239,0.8278,0.6339,0.5868,0.4208,0.498,0.0881
amha1245,tami1289,1.0,0.5666,0.5291,0.409,0.4801,0.1713
amha1245,iris1253,1.0,0.6143,0.5762,0.4225,0.4993,0.2423
amha1245,hung1274,1.0,0.5665,0.5009,0.3141,0.4091,0.1734
amha1245,telu1262,1.0,0.555,0.5335,0.3695,0.5211,0.1701
amha1245,afri1274,1.0,0.7133,0.6534,0.4225,0.5145,0.1562
amha1245,viet1252,1.0,0.7699,0.6868,0.4918,0.5268,0.2769
amha1245,uigh1240,1.0,0.5724,0.5166,0.4208,0.4898,0.2069
amha1245,mode1248,1.0,0.5768,0.5544,0.3695,0.5329,0.1486
amha1245,nort2671,1.0,0.6384,0.5687,0.4259,0.5071,0.2511
amha1245,gali1258,1.0,0.5609,0.5383,0.3578,0.4394,0.2226
amha1245,serb1264,1.0,0.5948,0.5091,0.2566,0.3634,0.1605
amha1245,goth1244,1.0,0.6312,0.5678,0.3695,0.4431,0.1613
amha1245,nucl1301,1.0,0.5392,0.5063,0.3695,0.4801,0.1295
amha1245,mand1415,1.0,0.6022,0.6277,0.535,0.5704,0.3044
amha1245,urdu1245,1.0,0.6027,0.5813,0.5132,0.5599,0.1312
amha1245,chur1257,1.0,0.7433,0.7078,0.5426,0.6655,0.1569
amha1245,swed1254,1.0,0.5977,0.5893,0.4413,0.5805,0.2223
amha1245,dani1285,1.0,0.5838,0.5518,0.409,0.3821,0.2157
amha1245,indo1316,1.0,0.7032,0.5828,0.409,0.2867,0.3041
amha1245,ukra1253,1.0,0.5977,0.5223,0.2566,0.4249,0.1717
amha1245,west2369,1.0,0.5925,0.5151,0.3931,0.3887,0.1013
amha1245,hebr1245,0.718,0.6097,0.5878,0.5335,0.5844,0.0901
amha1245,basq1248,0.9724,0.5644,0.5409,0.409,0.4856,0.2079
amha1245,latv1249,1.0,0.5471,0.4861,0.3695,0.3283,0.2052
amha1245,slov1268,1.0,0.6007,0.5409,0.319,0.4094,0.1794
amha1245,croa1245,1.0,0.6536,0.5617,0.3743,0.3733,0.1722
amha1245,roma1327,1.0,0.6046,0.505,0.3141,0.2991,0.1651
amha1245,slov1269,1.0,0.7433,0.7078,0.5426,0.6655,0.1806
amha1245,bulg1262,1.0,0.5748,0.5532,0.319,0.5282,0.1523
amha1245,port1283,1.0,0.5517,0.5243,0.3578,0.436,0.2132
amha1245,dutc1256,1.0,0.5947,0.5687,0.4225,0.5183,0.2147
amha1245,stan1293,1.0,0.6696,0.6125,0.3578,0.492,0.2286
amha1245,ital1282,1.0,0.5548,0.5282,0.2566,0.4249,0.1736
amha1245,stan1289,1.0,0.584,0.5297,0.3141,0.3561,0.1928
amha1245,hind1269,1.0,0.6048,0.5652,0.4477,0.498,0.1682
amha1245,poli1260,1.0,0.6296,0.5699,0.3141,0.4542,0.1925
amha1245,stan1295,1.0,0.5743,0.5554,0.4685,0.5258,0.1913
amha1245,oldf1239,1.0,0.5908,0.5407,0.3743,0.4135,0.2056
amha1245,stan1288,1.0,0.6056,0.5374,0.3695,0.4554,0.2018
amha1245,stan1290,1.0,0.6173,0.5742,0.4477,0.5052,0.2104
amha1245,finn1318,1.0,0.6359,0.5535,0.409,0.4713,0.2346
amha1245,anci1242,1.0,0.568,0.521,0.3141,0.3634,0.1442
amha1245,norw1258,1.0,0.5856,0.576,0.5132,0.5568,0.231
amha1245,stan1318,0.6936,0.6657,0.5433,0.319,0.3973,0.0763
amha1245,lati1261,1.0,0.6252,0.5634,0.409,0.3952,0.1706
amha1245,esto1258,0.9724,0.6293,0.534,0.3695,0.3952,0.2149
amha1245,kore1280,1.0,0.5858,0.5642,0.5335,0.5204,0.3372
amha1245,nucl1643,1.0,0.5393,0.5409,0.5574,0.4933,0.3571
amha1245,russ1263,1.0,0.6111,0.5669,0.319,0.4949,0.2171
amha1245,czec1258,1.0,0.5668,0.5274,0.319,0.4653,0.1908
thai1261,russ1264,1.0,0.745,0.6515,0.3862,0.4302,0.1644
thai1261,nort2641,1.0,0.7115,0.626,0.4646,0.5168,0.242
thai1261,uppe1395,1.0,0.7684,0.7402,0.5641,0.6435,0.3198
thai1261,kaza1248,1.0,0.8807,0.7104,0.5533,0.5416,0.1814
thai1261,nucl1235,1.0,0.6577,0.6441,0.5574,0.5531,0.238
thai1261,swed1236,1.0,0.7684,0.7402,0.5641,0.6435,0.3142
thai1261,lith1251,1.0,0.7006,0.6506,0.4788,0.4887,0.299
thai1261,bela1254,1.0,0.6795,0.6354,0.4788,0.4544,0.2951
thai1261,mara1378,1.0,0.7285,0.6285,0.3862,0.3767,0.1056
thai1261,copt1239,1.0,0.6293,0.5689,0.3862,0.4683,0.2787
thai1261,tami1289,1.0,0.8187,0.6782,0.3729,0.4792,0.0981
thai1261,iris1253,1.0,0.6625,0.6068,0.3881,0.4984,0.362
thai1261,hung1274,1.0,0.68,0.6215,0.4601,0.4546,0.3089
thai1261,telu1262,1.0,0.7637,0.6321,0.3277,0.4364,0.0966
thai1261,afri1274,1.0,0.7506,0.6785,0.5319,0.4907,0.3246
thai1261,viet1252,1.0,0.498,0.4873,0.2952,0.4552,0.0329
thai1261,uigh1240,1.0,0.8434,0.6949,0.4788,0.4723,0.1541
thai1261,mode1248,1.0,0.6438,0.6374,0.5096,0.5433,0.2961
thai1261,nort2671,1.0,0.6728,0.6451,0.4934,0.5138,0.3056
thai1261,gali1258,1.0,0.6077,0.5867,0.409,0.4594,0.3753
thai1261,serb1264,1.0,0.5734,0.5415,0.427,0.4425,0.3037
thai1261,goth1244,1.0,0.5873,0.5358,0.3277,0.4302,0.2831
thai1261,nucl1301,1.0,0.6834,0.623,0.5096,0.4792,0.2736
thai1261,mand1415,1.0,0.5901,0.5833,0.439,0.5984,0.1314
thai1261,urdu1245,1.0,0.7046,0.6169,0.5574,0.4862,0.1495
thai1261,chur1257,1.0,0.7684,0.7402,0.5641,0.6435,0.3014
thai1261,swed1254,1.0,0.6308,0.5786,0.4878,0.4466,0.3118
thai1261,dani1285,1.0,0.6726,0.5984,0.3729,0.4313,0.3286
thai1261,indo1316,1.0,0.4237,0.4247,0.2617,0.4313,0.1055
thai1261,ukra1253,1.0,0.6195,0.5947,0.427,0.4683,0.2972
thai1261,west2369,1.0,0.6738,0.6244,0.5114,0.5016,0.1961
thai1261,hebr1245,1.0,0.5747,0.6084,0.5096,0.5482,0.2661
thai1261,basq1248,0.967,0.6712,0.6501,0.5354,0.5789,0.3606
thai1261,latv1249,1.0,0.7,0.6534,0.427,0.5126,0.2986
thai1261,slov1268,1.0,0.6447,0.6008,0.4788,0.4313,0.321
thai1261,croa1245,1.0,0.5821,0.5532,0.4407,0.5169,0.3164
thai1261,roma1327,1.0,0.5692,0.5453,0.4601,0.4594,0.2976
thai1261,slov1269,1.0,0.7684,0.7402,0.5641,0.6435,0.3107
thai1261,bulg1262,1.0,0.6144,0.5796,0.4788,0.5034,0.2956
thai1261,port1283,1.0,0.5774,0.555,0.409,0.4142,0.3683
thai1261,dutc1256,1.0,0.6569,0.5975,0.4646,0.4799,0.3392
thai1261,stan1293,1.0,0.6577,0.5978,0.409,0.4147,0.3501
thai1261,ital1282,1.0,0.6024,0.5958,0.427,0.4905,0.3277
thai1261,stan1289,1.0,0.5777,0.5503,0.3729,0.4095,0.3512
thai1261,hind1269,1.0,0.6984,0.6149,0.4867,0.4526,0.1117
thai1261,poli1260,1.0,0.6165,0.6048,0.3729,0.5145,0.3104
thai1261,stan1295,1.0,0.61,0.5655,0.5114,0.4666,0.3253
thai1261,oldf1239,1.0,0.6201,0.5765,0.4407,0.4584,0.3506
thai1261,stan1288,1.0,0.5836,0.5945,0.5096,0.5382,0.3631
thai1261,stan1290,1.0,0.6193,0.5879,0.4867,0.4674,0.3488
thai1261,finn1318,1.0,0.6545,0.5842,0.4601,0.3995,0.2991
thai1261,anci1242,1.0,0.6424,0.6149,0.4601,0.4425,0.3047
thai1261,norw1258,1.0,0.5472,0.534,0.409,0.4859,0.3248
thai1261,stan1318,1.0,0.6873,0.6537,0.4788,0.4718,0.2359
thai1261,lati1261,1.0,0.6424,0.6108,0.3729,0.4683,0.3288
thai1261,esto1258,0.967,0.6484,0.5941,0.427,0.4425,0.2984
thai1261,kore1280,1.0,0.6497,0.5978,0.5096,0.4209,0.1506
thai1261,nucl1643,1.0,0.6763,0.6175,0.4601,0.4678,0.1658
thai1261,russ1263,1.0,0.6447,0.6522,0.4788,0.5718,0.2004
thai1261,czec1258,1.0,0.7088,0.6698,0.4788,0.5458,0.3188
yoru1245,russ1264,1.0,0.8058,0.6879,0.5064,0.3891,0.3705
yoru1245,nort2641,1.0,0.719,0.665,0.5469,0.5644,0.2047
yoru1245,uppe1395,1.0,0.8052,0.7773,0.6082,0.6885,0.1984
yoru1245,kaza1248,1.0,0.8587,0.6973,0.6172,0.5319,0.2758
yoru1245,nucl1235,1.0,0.7433,0.6837,0.5792,0.5037,0.2163
yoru1245,swed1236,1.0,0.8052,0.7773,0.6082,0.6885,0.2295
yoru1245,lith1251,1.0,0.74,0.6789,0.5064,0.4959,0.2215
yoru1245,bela1254,1.0,0.6787,0.634,0.5064,0.3478,0.2164
yoru1245,mara1378,1.0,0.8009,0.6763,0.4097,0.4407,0.3018
yoru1245,copt1239,1.0,0.6867,0.5793,0.4097,0.3673,0.1529
yoru1245,tami1289,1.0,0.8749,0.7161,0.4788,0.5,0.3108
yoru1245,iris1253,1.0,0.7011,0.6408,0.4745,0.4977,0.2066
yoru1245,hung1274,1.0,0.6895,0.6213,0.4788,0.4054,0.1862
yoru1245,telu1262,1.0,0.832,0.6868,0.4477,0.4798,0.3091
yoru1245,afri1274,1.0,0.7825,0.6974,0.5469,0.4486,0.173
yoru1245,viet1252,1.0,0.4954,0.522,0.4745,0.5253,0.3951
yoru1245,uigh1240,1.0,0.8315,0.6906,0.5064,0.4438,0.3139
yoru1245,mode1248,1.0,0.644,0.6456,0.5348,0.5187,0.1769
yoru1245,nort2671,1.0,0.6809,0.6565,0.5319,0.4968,0.269
yoru1245,gali1258,1.0,0.6517,0.6168,0.5049,0.4126,0.1627
yoru1245,serb1264,1.0,0.5813,0.5279,0.4477,0.3307,0.1794
yoru1245,goth1244,1.0,0.5478,0.5229,0.4477,0.3891,0.2013
yoru1245,nucl1301,1.0,0.7828,0.6837,0.5348,0.5,0.1854
yoru1245,mand1415,1.0,0.643,0.6292,0.5273,0.6128,0.4016
yoru1245,urdu1245,1.0,0.707,0.6311,0.5792,0.5036,0.2691
yoru1245,chur1257,1.0,0.8052,0.7773,0.6082,0.6885,0.1786
yoru1245,swed1254,1.0,0.6613,0.6307,0.5792,0.5062,0.2335
yoru1245,dani1285,1.0,0.6973,0.6256,0.4788,0.409,0.2104
yoru1245,indo1316,1.0,0.4817,0.4778,0.4788,0.409,0.4141
yoru1245,ukra1253,1.0,0.6613,0.6068,0.4477,0.3673,0.1969
yoru1245,west2369,1.0,0.7267,0.6517,0.5273,0.4641,0.2308
yoru1245,hebr1245,1.0,0.599,0.65,0.6123,0.5753,0.1684
yoru1245,basq1248,0.9654,0.6934,0.6566,0.5587,0.5337,0.1624
yoru1245,latv1249,1.0,0.7588,0.669,0.4477,0.3964,0.2279
yoru1245,slov1268,1.0,0.6765,0.6254,0.5064,0.3797,0.1787
yoru1245,croa1245,1.0,0.5678,0.5294,0.4717,0.4327,0.1765
yoru1245,roma1327,1.0,0.5968,0.5464,0.4788,0.3548,0.1902
yoru1245,slov1269,1.0,0.8052,0.7773,0.6082,0.6885,0.1915
yoru1245,bulg1262,1.0,0.5938,0.5803,0.5064,0.4878,0.1808
yoru1245,port1283,1.0,0.6449,0.5935,0.4208,0.3806,0.1589
yoru1245,dutc1256,1.0,0.6995,0.6408,0.5469,0.4766,0.1979
yoru1245,stan1293,1.0,0.6804,0.6533,0.5049,0.5093,0.2026
yoru1245,ital1282,1.0,0.6595,0.6111,0.4477,0.3673,0.1639
yoru1245,stan1289,1.0,0.6418,0.5957,0.4788,0.3776,0.1554
yoru1245,hind1269,1.0,0.6995,0.6264,0.496,0.4909,0.3027
yoru1245,poli1260,1.0,0.6566,0.6434,0.4788,0.5268,0.204
yoru1245,stan1295,1.0,0.6287,0.6068,0.597,0.4851,0.1867
yoru1245,oldf1239,1.0,0.6168,0.5618,0.4717,0.3534,0.1729
yoru1245,stan1288,1.0,0.6011,0.598,0.5348,0.4862,0.1503
yoru1245,stan1290,1.0,0.6775,0.6191,0.496,0.4394,0.1813
yoru1245,finn1318,1.0,0.6558,0.6113,0.5587,0.448,0.257
yoru1245,anci1242,1.0,0.6985,0.6444,0.4788,0.3673,0.1629
yoru1245,norw1258,1.0,0.5857,0.6091,0.5049,0.5758,0.2312
yoru1245,stan1318,1.0,0.6949,0.6461,0.5064,0.3333,0.1913
yoru1245,lati1261,1.0,0.6872,0.6346,0.4788,0.3673,0.159
yoru1245,esto1258,0.9654,0.6497,0.607,0.5348,0.4322,0.2376
yoru1245,kore1280,1.0,0.7653,0.6967,0.6123,0.5275,0.4274
yoru1245,nucl1643,1.0,0.8262,0.6988,0.5587,0.448,0.4428
yoru1245,russ1263,1.0,0.6637,0.6577,0.5064,0.4767,0.3024
yoru1245,czec1258,1.0,0.7569,0.6815,0.5064,0.4433,0.1934
warl1254,russ1264,1.0,0.6568,0.5811,0.5319,0.3291,0.3117
warl1254,nort2641,1.0,0.7026,0.65,0.5587,0.5564,0.3963
warl1254,uppe1395,1.0,0.7546,0.7446,0.6545,0.7438,0.453
warl1254,kaza1248,1.0,0.7218,0.6622,0.6854,0.3536,0.3526
warl1254,nucl1235,1.0,0.5987,0.5825,0.5996,0.4637,0.3946
warl1254,swed1236,1.0,0.7546,0.7446,0.6545,0.7438,0.4479
warl1254,lith1251,1.0,0.5834,0.5783,0.5319,0.5317,0.4388
warl1254,bela1254,1.0,0.5944,0.5649,0.5319,0.4327,0.4364
warl1254,mara1378,1.0,0.6504,0.6216,0.4278,0.5127,0.279
warl1254,copt1239,1.0,0.731,0.6622,0.4278,0.4637,0.4176
warl1254,tami1289,1.0,0.6777,0.6214,0.4934,0.525,0.2573
warl1254,iris1253,1.0,0.6718,0.6373,0.4788,0.5417,0.4783
warl1254,hung1274,1.0,0.6294,0.5813,0.4934,0.4849,0.4457
warl1254,telu1262,1.0,0.6612,0.6199,0.4638,0.5702,0.2698
warl1254,afri1274,1.0,0.7646,0.7116,0.631,0.5506,0.3709
warl1254,viet1252,1.0,0.6764,0.6922,0.5587,0.5871,0.1993
warl1254,uigh1240,1.0,0.6332,0.5861,0.6224,0.3651,0.3283
warl1254,mode1248,1.0,0.6264,0.6091,0.5582,0.6037,0.4362
warl1254,nort2671,1.0,0.6081,0.5419,0.4601,0.2937,0.4373
warl1254,gali1258,1.0,0.6115,0.5732,0.5184,0.439,0.4863
warl1254,serb1264,1.0,0.6128,0.5683,0.4638,0.29,0.4418
warl1254,goth1244,1.0,0.574,0.534,0.4638,0.2766,0.4282
warl1254,nucl1301,1.0,0.6291,0.6049,0.5582,0.5724,0.4199
warl1254,mand1415,1.0,0.6584,0.6737,0.5399,0.5673,0.2646
warl1254,urdu1245,1.0,0.6352,0.6459,0.6738,0.5913,0.3202
warl1254,chur1257,1.0,0.7546,0.7446,0.6545,0.7438,0.4401
warl1254,swed1254,1.0,0.7139,0.67,0.5184,0.5774,0.4461
warl1254,dani1285,1.0,0.7119,0.6597,0.5804,0.4419,0.4581
warl1254,indo1316,1.0,0.6535,0.6155,0.4934,0.409,0.1098
warl1254,ukra1253,1.0,0.6319,0.5811,0.4638,0.494,0.4379
warl1254,west2369,1.0,0.7135,0.623,0.5399,0.439,0.3576
warl1254,hebr1245,1.0,0.6234,0.6128,0.5582,0.5608,0.4098
warl1254,basq1248,0.9791,0.5865,0.6104,0.5804,0.5765,0.478
warl1254,latv1249,1.0,0.6962,0.6244,0.5582,0.4445,0.4381
warl1254,slov1268,1.0,0.6451,0.616,0.5319,0.5304,0.4536
warl1254,croa1245,1.0,0.6781,0.6399,0.5,0.4759,0.4505
warl1254,roma1327,1.0,0.6078,0.5682,0.4934,0.469,0.4381
warl1254,slov1269,1.0,0.7546,0.7446,0.6545,0.7438,0.447
warl1254,bulg1262,1.0,0.5901,0.5965,0.5319,0.5693,0.4361
warl1254,port1283,1.0,0.6641,0.6129,0.5184,0.5062,0.4823
warl1254,dutc1256,1.0,0.6966,0.6432,0.4788,0.5417,0.4652
warl1254,stan1293,1.0,0.7556,0.7038,0.5184,0.5519,0.4716
warl1254,ital1282,1.0,0.6368,0.5881,0.4638,0.4637,0.4575
warl1254,stan1289,1.0,0.6534,0.609,0.4934,0.4565,0.4721
warl1254,hind1269,1.0,0.6371,0.6429,0.5753,0.5922,0.2928
warl1254,poli1260,1.0,0.6014,0.5869,0.4934,0.4898,0.4468
warl1254,stan1295,1.0,0.6558,0.6329,0.6162,0.5774,0.4566
warl1254,oldf1239,1.0,0.5696,0.5393,0.5,0.284,0.4723
warl1254,stan1288,1.0,0.6554,0.593,0.4638,0.4438,0.479
warl1254,stan1290,1.0,0.7258,0.6605,0.5753,0.5236,0.4712
warl1254,finn1318,1.0,0.5938,0.5762,0.5804,0.505,0.4352
warl1254,anci1242,1.0,0.5661,0.5084,0.3918,0.29,0.4413
warl1254,norw1258,1.0,0.6448,0.6354,0.5184,0.6039,0.4543
warl1254,stan1318,1.0,0.6494,0.5548,0.4278,0.2502,0.3858
warl1254,lati1261,1.0,0.5557,0.5215,0.3918,0.381,0.4579
warl1254,esto1258,0.9791,0.6578,0.5992,0.5582,0.4199,0.4372
warl1254,kore1280,1.0,0.6603,0.596,0.3498,0.4318,0.2491
warl1254,nucl1643,1.0,0.6638,0.6546,0.6591,0.5575,0.2395
warl1254,russ1263,1.0,0.624,0.6188,0.5319,0.5559,0.3625
warl1254,czec1258,1.0,0.6721,0.6186,0.5319,0.5148,0.4525
taga1270,russ1264,1.0,0.6949,0.5972,0.3862,0.3918,0.1736
taga1270,nort2641,1.0,0.6914,0.6029,0.3881,0.467,0.3056
taga1270,uppe1395,1.0,0.7433,0.72,0.5641,0.6611,0.363
taga1270,kaza1248,1.0,0.87,0.7218,0.5533,0.5152,0.2407
taga1270,nucl1235,1.0,0.5984,0.5653,0.4878,0.4592,0.2992
taga1270,swed1236,1.0,0.7433,0.72,0.5641,0.6611,0.3509
taga1270,lith1251,1.0,0.5827,0.5669,0.3862,0.5011,0.3412
taga1270,bela1254,1.0,0.5719,0.5523,0.3862,0.4191,0.3395
taga1270,mara1378,1.0,0.6355,0.5838,0.2677,0.4531,0.1917
taga1270,copt1239,1.0,0.6339,0.5911,0.4788,0.5056,0.3435
taga1270,tami1289,1.0,0.7138,0.6143,0.3729,0.4678,0.186
taga1270,iris1253,1.0,0.5472,0.5449,0.3881,0.4474,0.3953
taga1270,hung1274,1.0,0.5975,0.5594,0.3729,0.4873,0.3574
taga1270,telu1262,1.0,0.6872,0.5959,0.3277,0.4763,0.1839
taga1270,afri1274,1.0,0.7342,0.6703,0.4646,0.5016,0.3853
taga1270,viet1252,1.0,0.5944,0.5611,0.3881,0.4604,0.0684
taga1270,uigh1240,1.0,0.737,0.6115,0.3862,0.439,0.2042
taga1270,mode1248,1.0,0.5144,0.5594,0.427,0.5398,0.35
taga1270,nort2671,1.0,0.5785,0.5609,0.3918,0.4848,0.3326
taga1270,gali1258,1.0,0.5075,0.5316,0.3141,0.4485,0.4149
taga1270,serb1264,1.0,0.5824,0.5189,0.3277,0.3751,0.355
taga1270,goth1244,1.0,0.5437,0.4902,0.1864,0.3918,0.3346
taga1270,nucl1301,1.0,0.6567,0.5759,0.427,0.4247,0.332
taga1270,mand1415,1.0,0.6233,0.6265,0.5114,0.5765,0.1191
taga1270,urdu1245,1.0,0.6643,0.6018,0.4878,0.4938,0.2283
taga1270,chur1257,1.0,0.7433,0.72,0.5641,0.6611,0.3535
taga1270,swed1254,1.0,0.6186,0.5909,0.409,0.4947,0.3479
taga1270,dani1285,1.0,0.6261,0.5865,0.3729,0.4445,0.3671
taga1270,indo1316,0.7374,0.5742,0.4977,0.2617,0.3349,0.1107
taga1270,ukra1253,1.0,0.5315,0.5334,0.3277,0.4828,0.3461
taga1270,west2369,1.0,0.6768,0.5969,0.439,0.4485,0.2695
taga1270,hebr1245,1.0,0.5432,0.5848,0.427,0.5223,0.3314
taga1270,basq1248,0.9724,0.5962,0.5576,0.4601,0.4715,0.4029
taga1270,latv1249,1.0,0.6046,0.5737,0.427,0.4581,0.3392
taga1270,slov1268,1.0,0.5795,0.5686,0.3862,0.4685,0.3682
taga1270,croa1245,1.0,0.613,0.5614,0.4407,0.4641,0.3652
taga1270,roma1327,1.0,0.4847,0.492,0.3729,0.4485,0.348
taga1270,slov1269,1.0,0.7433,0.72,0.5641,0.6611,0.3575
taga1270,bulg1262,1.0,0.5381,0.5552,0.3862,0.5545,0.3487
taga1270,port1283,1.0,0.541,0.5493,0.3141,0.467,0.4098
taga1270,dutc1256,1.0,0.6149,0.5991,0.3881,0.5255,0.3785
taga1270,stan1293,1.0,0.6696,0.6203,0.3141,0.461,0.3864
taga1270,ital1282,1.0,0.5653,0.5812,0.3277,0.5276,0.3764
taga1270,stan1289,1.0,0.5432,0.5445,0.2617,0.4192,0.3965
taga1270,hind1269,1.0,0.6347,0.5787,0.4161,0.489,0.1915
taga1270,poli1260,1.0,0.5925,0.5689,0.2617,0.4394,0.3544
taga1270,stan1295,1.0,0.5856,0.5618,0.439,0.4947,0.3699
taga1270,oldf1239,1.0,0.5288,0.5035,0.3333,0.4235,0.3928
taga1270,stan1288,1.0,0.5092,0.5204,0.427,0.4641,0.407
taga1270,stan1290,1.0,0.5958,0.6001,0.4161,0.5309,0.3897
taga1270,finn1318,1.0,0.5787,0.5314,0.3729,0.434,0.3311
taga1270,anci1242,1.0,0.5169,0.5137,0.3729,0.3751,0.3593
taga1270,norw1258,1.0,0.5628,0.5499,0.409,0.4926,0.3589
taga1270,stan1318,1.0,0.5628,0.5511,0.3862,0.4078,0.3064
taga1270,lati1261,1.0,0.568,0.5308,0.2617,0.3751,0.3782
taga1270,esto1258,0.9724,0.6179,0.5548,0.3277,0.4057,0.3363
taga1270,kore1280,1.0,0.676,0.6029,0.5096,0.4592,0.109
taga1270,nucl1643,1.0,0.6892,0.6111,0.5354,0.4572,0.109
taga1270,russ1263,1.0,0.5352,0.5781,0.3862,0.5478,0.2401
taga1270,czec1258,1.0,0.6234,0.5903,0.3862,0.4738,0.3634
bret1244,russ1264,1.0,0.6265,0.5965,0.319,0.5056,0.2735
bret1244,nort2641,0.9087,0.622,0.5703,0.3418,0.5103,0.1591
bret1244,uppe1395,0.8919,0.713,0.6816,0.5426,0.5972,0.0553
bret1244,kaza1248,1.0,0.8435,0.7381,0.5741,0.5964,0.2102
bret1244,nucl1235,0.86,0.5256,0.5426,0.4413,0.4982,0.158
bret1244,swed1236,1.0,0.713,0.6816,0.5426,0.5972,0.0721
bret1244,lith1251,0.86,0.4809,0.4887,0.319,0.4626,0.0837
bret1244,bela1254,0.879,0.4583,0.496,0.319,0.4608,0.0869
bret1244,mara1378,0.9014,0.5799,0.5759,0.319,0.4998,0.2975
bret1244,copt1239,1.0,0.5804,0.5649,0.4208,0.4785,0.1464
bret1244,tami1289,1.0,0.677,0.6208,0.3141,0.5448,0.3219
bret1244,iris1253,0.4935,0.409,0.4789,0.3418,0.4811,0.0254
bret1244,hung1274,1.0,0.5217,0.4978,0.1789,0.3426,0.0721
bret1244,telu1262,1.0,0.6362,0.5759,0.2566,0.4649,0.3063
bret1244,afri1274,0.9087,0.641,0.5977,0.3418,0.4089,0.3191
bret1244,viet1252,1.0,0.6291,0.5878,0.4225,0.4277,0.3621
bret1244,uigh1240,1.0,0.7396,0.6602,0.4208,0.5392,0.2401
bret1244,mode1248,0.8919,0.3977,0.4714,0.3695,0.5227,0.0948
bret1244,nort2671,1.0,0.5374,0.5731,0.4259,0.5732,0.1092
bret1244,gali1258,0.9273,0.3484,0.4348,0.2513,0.4736,0.03
bret1244,serb1264,0.9087,0.5513,0.5311,0.2566,0.472,0.0824
bret1244,goth1244,0.8278,0.5273,0.5299,0.2566,0.5056,0.1026
bret1244,nucl1301,1.0,0.5637,0.5278,0.2566,0.4235,0.1233
bret1244,mand1415,1.0,0.5997,0.6081,0.3931,0.5707,0.3211
bret1244,urdu1245,0.9087,0.5909,0.5618,0.4413,0.4706,0.2548
bret1244,chur1257,0.8919,0.713,0.6816,0.5426,0.5972,0.0861
bret1244,swed1254,0.9014,0.5052,0.4891,0.2513,0.4679,0.0767
bret1244,dani1285,0.9014,0.4788,0.4713,0.3141,0.3799,0.0479
bret1244,indo1316,1.0,0.556,0.5438,0.3141,0.4256,0.4258
bret1244,ukra1253,0.8919,0.4719,0.4659,0.2566,0.437,0.0849
bret1244,west2369,0.9087,0.5595,0.56,0.3931,0.4736,0.2139
bret1244,hebr1245,1.0,0.4332,0.5082,0.4576,0.6019,0.1519
bret1244,basq1248,0.9724,0.5575,0.5728,0.409,0.5462,0.0241
bret1244,latv1249,0.86,0.515,0.519,0.3695,0.4495,0.0862
bret1244,slov1268,0.8919,0.4296,0.4639,0.319,0.4256,0.0582
bret1244,croa1245,0.9087,0.5817,0.5457,0.3743,0.4379,0.0658
bret1244,roma1327,0.9147,0.4307,0.4742,0.3141,0.4541,0.0862
bret1244,slov1269,0.8919,0.713,0.6816,0.5426,0.5972,0.0681
bret1244,bulg1262,0.9014,0.4787,0.4968,0.319,0.4405,0.0933
bret1244,port1283,0.9273,0.3296,0.3772,0.2513,0.3531,0.0285
bret1244,dutc1256,0.9196,0.4759,0.4624,0.238,0.3687,0.031
bret1244,stan1293,0.9196,0.5837,0.5605,0.2513,0.4425,0.0233
bret1244,ital1282,0.9196,0.3897,0.4309,0.2566,0.437,0.0575
bret1244,stan1289,0.9237,0.3674,0.3944,0.1789,0.3667,0.0372
bret1244,hind1269,0.9087,0.5381,0.5246,0.3743,0.4807,0.2799
bret1244,poli1260,0.8919,0.4466,0.4815,0.1789,0.4652,0.0674
bret1244,stan1295,0.9014,0.5082,0.4993,0.3021,0.4315,0.0493
bret1244,oldf1239,0.9304,0.4926,0.5231,0.3743,0.528,0.0208
bret1244,stan1288,0.9304,0.4647,0.5092,0.3695,0.5202,0.0368
bret1244,stan1290,0.9304,0.4646,0.4393,0.2851,0.3344,0.0178
bret1244,finn1318,1.0,0.5532,0.5214,0.1789,0.4011,0.103
bret1244,anci1242,0.879,0.4276,0.4747,0.3141,0.472,0.0917
bret1244,norw1258,0.8919,0.4968,0.537,0.3578,0.5354,0.0648
bret1244,stan1318,1.0,0.5147,0.5205,0.319,0.5168,0.185
bret1244,lati1261,0.8919,0.4494,0.4952,0.3141,0.4941,0.0597
bret1244,esto1258,0.9724,0.5668,0.5549,0.2566,0.472,0.0908
bret1244,kore1280,1.0,0.5865,0.5744,0.4576,0.4785,0.3456
bret1244,nucl1643,1.0,0.6318,0.6151,0.4878,0.5181,0.3614
bret1244,russ1263,0.879,0.4876,0.5191,0.319,0.5117,0.202
bret1244,czec1258,0.9014,0.4872,0.4972,0.319,0.4483,0.0569
yuec1235,russ1264,1.0,0.6634,0.6309,0.5587,0.4632,0.1281
yuec1235,nort2641,1.0,0.746,0.6867,0.5319,0.5671,0.2617
yuec1235,uppe1395,1.0,0.7251,0.7252,0.5641,0.7127,0.3223
yuec1235,kaza1248,1.0,0.8368,0.7165,0.6545,0.4474,0.1918
yuec1235,nucl1235,1.0,0.5902,0.5989,0.6213,0.507,0.2543
yuec1235,swed1236,1.0,0.7251,0.7252,0.5641,0.7127,0.3099
yuec1235,lith1251,1.0,0.6688,0.6704,0.5587,0.5883,0.2988
yuec1235,bela1254,1.0,0.6222,0.6305,0.5587,0.5077,0.2968
yuec1235,mara1378,1.0,0.6703,0.655,0.4788,0.5291,0.1535
yuec1235,copt1239,1.0,0.6696,0.6127,0.4788,0.5325,0.3037
yuec1235,tami1289,1.0,0.703,0.6705,0.5354,0.562,0.1559
yuec1235,iris1253,1.0,0.6893,0.6592,0.4646,0.5567,0.3587
yuec1235,hung1274,1.0,0.569,0.5876,0.4601,0.5266,0.3161
yuec1235,telu1262,1.0,0.6793,0.6581,0.5096,0.5672,0.1472
yuec1235,afri1274,1.0,0.777,0.7242,0.5319,0.5615,0.3719
yuec1235,viet1252,1.0,0.6116,0.628,0.4646,0.617,0.034
yuec1235,uigh1240,1.0,0.7543,0.6724,0.5587,0.4559,0.1531
yuec1235,mode1248,1.0,0.6073,0.6235,0.5829,0.5775,0.3083
yuec1235,nort2671,1.0,0.6419,0.6102,0.4934,0.4446,0.2922
yuec1235,gali1258,1.0,0.6113,0.6111,0.4878,0.4878,0.3796
yuec1235,serb1264,1.0,0.6348,0.6017,0.5096,0.4678,0.3135
yuec1235,goth1244,1.0,0.689,0.6167,0.427,0.4632,0.2914
yuec1235,nucl1301,1.0,0.6615,0.6497,0.5096,0.6028,0.2892
yuec1235,mand1415,0.6082,0.4449,0.5025,0.439,0.5351,0.0784
yuec1235,urdu1245,1.0,0.6191,0.6336,0.6213,0.5815,0.1854
yuec1235,chur1257,1.0,0.7251,0.7252,0.5641,0.7127,0.3119
yuec1235,swed1254,1.0,0.6547,0.6448,0.4878,0.5875,0.3068
yuec1235,dani1285,1.0,0.6426,0.6165,0.4601,0.4892,0.3272
yuec1235,indo1316,1.0,0.6162,0.5534,0.4601,0.434,0.137
yuec1235,ukra1253,1.0,0.6262,0.6132,0.5096,0.4805,0.3038
yuec1235,west2369,1.0,0.6703,0.6255,0.5765,0.4878,0.2263
yuec1235,hebr1245,1.0,0.6564,0.6471,0.5096,0.5354,0.2904
yuec1235,basq1248,0.9819,0.6528,0.6549,0.6035,0.6046,0.3661
yuec1235,latv1249,1.0,0.6915,0.6575,0.5096,0.5171,0.2968
yuec1235,slov1268,1.0,0.629,0.6397,0.5587,0.5639,0.3279
yuec1235,croa1245,1.0,0.6527,0.6343,0.6082,0.5672,0.3246
yuec1235,roma1327,1.0,0.6426,0.6072,0.5354,0.5127,0.3058
yuec1235,slov1269,1.0,0.7251,0.7252,0.5641,0.7127,0.3162
yuec1235,bulg1262,1.0,0.6055,0.6046,0.5587,0.5557,0.3068
yuec1235,port1283,1.0,0.575,0.5973,0.4878,0.523,0.3738
yuec1235,dutc1256,1.0,0.6419,0.631,0.4646,0.5769,0.3395
yuec1235,stan1293,1.0,0.692,0.6514,0.4878,0.5043,0.3484
yuec1235,ital1282,1.0,0.6153,0.6297,0.5096,0.557,0.3369
yuec1235,stan1289,1.0,0.6047,0.6085,0.4601,0.5028,0.3589
yuec1235,hind1269,1.0,0.6327,0.6418,0.5499,0.5895,0.1471
yuec1235,poli1260,1.0,0.5864,0.5945,0.4601,0.5536,0.3129
yuec1235,stan1295,1.0,0.6748,0.655,0.5114,0.5875,0.3297
yuec1235,oldf1239,1.0,0.6519,0.6144,0.5295,0.5024,0.355
yuec1235,stan1288,1.0,0.6639,0.6351,0.5096,0.5423,0.3706
yuec1235,stan1290,1.0,0.6823,0.6518,0.4867,0.5412,0.3516
yuec1235,finn1318,1.0,0.6405,0.6144,0.4601,0.5198,0.2894
yuec1235,anci1242,1.0,0.6169,0.612,0.5354,0.4678,0.3185
yuec1235,norw1258,1.0,0.6254,0.6217,0.409,0.5755,0.319
yuec1235,stan1318,1.0,0.7179,0.6786,0.4788,0.5141,0.2651
yuec1235,lati1261,1.0,0.6513,0.6233,0.4601,0.4678,0.3389
yuec1235,esto1258,0.9819,0.6341,0.6004,0.5096,0.4363,0.294
yuec1235,kore1280,1.0,0.5763,0.5616,0.427,0.4805,0.0881
yuec1235,nucl1643,1.0,0.6441,0.619,0.6035,0.4955,0.1023
yuec1235,russ1263,1.0,0.6194,0.6372,0.5587,0.5344,0.1915
yuec1235,czec1258,1.0,0.7177,0.6934,0.5587,0.5978,0.3226
komi1268,russ1264,1.0,0.5995,0.5252,0.3433,0.532,0.1317
komi1268,nort2641,1.0,0.6454,0.5584,0.432,0.4881,0.1263
komi1268,uppe1395,1.0,0.7664,0.7284,0.5859,0.6611,0.1113
komi1268,kaza1248,1.0,0.8089,0.7231,0.6373,0.5734,0.1044
komi1268,nucl1235,1.0,0.5872,0.5217,0.3695,0.4592,0.112
komi1268,swed1236,1.0,0.7664,0.7284,0.5859,0.6611,0.086
komi1268,lith1251,1.0,0.5596,0.5059,0.195,0.4572,0.081
komi1268,bela1254,1.0,0.51,0.4876,0.195,0.4191,0.084
komi1268,mara1378,1.0,0.5594,0.5524,0.3433,0.553,0.2125
komi1268,copt1239,1.0,0.6937,0.6257,0.4477,0.4828,0.1681
komi1268,tami1289,1.0,0.611,0.5672,0.427,0.5638,0.2433
komi1268,iris1253,1.0,0.5841,0.5677,0.3455,0.5436,0.147
komi1268,hung1274,0.6082,0.504,0.4544,0.3277,0.4655,0.1165
komi1268,telu1262,1.0,0.5948,0.5607,0.39,0.5765,0.2202
komi1268,afri1274,1.0,0.715,0.6344,0.432,0.5016,0.3588
komi1268,viet1252,1.0,0.6722,0.6234,0.5058,0.5162,0.2479
komi1268,uigh1240,1.0,0.6301,0.5461,0.4477,0.5249,0.1119
komi1268,mode1248,1.0,0.5626,0.5441,0.2736,0.5398,0.125
komi1268,nort2671,0.8136,0.4538,0.4652,0.3498,0.5145,0.0629
komi1268,gali1258,1.0,0.5679,0.5538,0.3695,0.5148,0.1821
komi1268,serb1264,1.0,0.5494,0.5014,0.2736,0.4618,0.1221
komi1268,goth1244,1.0,0.6048,0.5587,0.39,0.5065,0.0994
komi1268,nucl1301,1.0,0.5735,0.4919,0.2736,0.4678,0.1238
komi1268,mand1415,1.0,0.5701,0.6087,0.554,0.5942,0.1875
komi1268,urdu1245,1.0,0.4972,0.5332,0.5335,0.5832,0.177
komi1268,chur1257,1.0,0.7664,0.7284,0.5859,0.6611,0.1228
komi1268,swed1254,1.0,0.5886,0.577,0.2566,0.6035,0.0815
komi1268,dani1285,1.0,0.5239,0.5064,0.3277,0.4195,0.1099
komi1268,indo1316,1.0,0.5954,0.554,0.427,0.4445,0.3389
komi1268,ukra1253,1.0,0.515,0.4855,0.2736,0.4592,0.1037
komi1268,west2369,1.0,0.643,0.5554,0.4034,0.4935,0.1582
komi1268,hebr1245,1.0,0.5788,0.5935,0.4816,0.6117,0.1576
komi1268,basq1248,0.9819,0.6421,0.5762,0.3277,0.4715,0.1672
komi1268,latv1249,1.0,0.5734,0.4783,0.2736,0.3415,0.0755
komi1268,slov1268,1.0,0.5189,0.5003,0.195,0.4445,0.1275
komi1268,croa1245,1.0,0.5861,0.5007,0.2804,0.3548,0.1276
komi1268,roma1327,1.0,0.5478,0.4729,0.3277,0.3995,0.1105
komi1268,slov1269,1.0,0.7664,0.7284,0.5859,0.6611,0.1122
komi1268,bulg1262,1.0,0.4976,0.4809,0.195,0.5152,0.1207
komi1268,port1283,1.0,0.5473,0.5334,0.3695,0.467,0.1767
komi1268,dutc1256,1.0,0.6063,0.5538,0.3455,0.5255,0.1269
komi1268,stan1293,1.0,0.6608,0.6255,0.3695,0.5537,0.1353
komi1268,ital1282,1.0,0.5953,0.5503,0.2736,0.4345,0.1426
komi1268,stan1289,1.0,0.5926,0.5506,0.3277,0.4429,0.1634
komi1268,hind1269,1.0,0.5725,0.5643,0.4565,0.5685,0.1845
komi1268,poli1260,1.0,0.5129,0.5115,0.3277,0.4394,0.1014
komi1268,stan1295,1.0,0.6016,0.5466,0.4034,0.5328,0.1235
komi1268,oldf1239,1.0,0.5719,0.529,0.2804,0.4825,0.1519
komi1268,stan1288,1.0,0.6001,0.5417,0.39,0.5114,0.1766
komi1268,stan1290,1.0,0.6344,0.5814,0.4565,0.5309,0.1452
komi1268,finn1318,0.7837,0.4261,0.4334,0.3277,0.5219,0.0576
komi1268,anci1242,1.0,0.5844,0.5311,0.1864,0.4345,0.1392
komi1268,norw1258,1.0,0.5255,0.5341,0.3695,0.6121,0.0954
komi1268,stan1318,1.0,0.6426,0.5724,0.3433,0.4674,0.1641
komi1268,lati1261,1.0,0.5629,0.5315,0.3277,0.4878,0.147
komi1268,esto1258,0.9819,0.462,0.4341,0.2736,0.4618,0.0679
komi1268,kore1280,1.0,0.5863,0.5729,0.5609,0.6094,0.2172
komi1268,nucl1643,1.0,0.6901,0.6248,0.5829,0.5809,0.2377
komi1268,russ1263,1.0,0.5189,0.494,0.195,0.4539,0.0615
komi1268,czec1258,1.0,0.5823,0.5042,0.195,0.3685,0.1145
sans1269,russ1264,1.0,0.5009,0.4613,0.319,0.4498,0.1699
sans1269,nort2641,0.7125,0.5405,0.539,0.3418,0.5833,0.1526
sans1269,uppe1395,0.8337,0.7664,0.7284,0.5426,0.6478,0.2486
sans1269,kaza1248,1.0,0.7074,0.6521,0.5741,0.5354,0.1079
sans1269,nucl1235,0.7837,0.5649,0.5447,0.4413,0.5471,0.1515
sans1269,swed1236,1.0,0.7664,0.7284,0.5426,0.6478,0.2509
sans1269,lith1251,0.7837,0.5596,0.5407,0.319,0.5607,0.2305
sans1269,bela1254,0.8136,0.5832,0.5484,0.319,0.4717,0.2242
sans1269,mara1378,0.5,0.5073,0.4725,0.319,0.3906,0.0096
sans1269,copt1239,1.0,0.6452,0.6079,0.4208,0.5471,0.1876
sans1269,tami1289,1.0,0.502,0.4244,0.3141,0.3355,0.044
sans1269,iris1253,0.86,0.643,0.5838,0.3418,0.5277,0.2994
sans1269,hung1274,1.0,0.598,0.5497,0.3141,0.529,0.2325
sans1269,telu1262,1.0,0.4742,0.4211,0.2566,0.3881,0.0179
sans1269,afri1274,0.86,0.7302,0.664,0.4225,0.56,0.2666
sans1269,viet1252,1.0,0.7471,0.657,0.3418,0.5691,0.1266
sans1269,uigh1240,1.0,0.5605,0.4979,0.4208,0.4646,0.1076
sans1269,mode1248,0.8337,0.6471,0.6239,0.3695,0.6197,0.2145
sans1269,nort2671,1.0,0.6126,0.5593,0.4259,0.5071,0.2546
sans1269,gali1258,0.8886,0.6219,0.5752,0.2513,0.5152,0.306
sans1269,serb1264,0.86,0.5201,0.4639,0.2566,0.4062,0.2245
sans1269,goth1244,0.7323,0.5349,0.4788,0.2566,0.4214,0.2049
sans1269,nucl1301,1.0,0.5972,0.5503,0.3695,0.5812,0.1882
sans1269,mand1415,1.0,0.5821,0.6031,0.4685,0.5588,0.1733
sans1269,urdu1245,0.5456,0.4972,0.4871,0.4413,0.4788,0.048
sans1269,chur1257,0.8337,0.7664,0.7284,0.5426,0.6478,0.2214
sans1269,swed1254,0.8485,0.6885,0.625,0.3578,0.5861,0.2494
sans1269,dani1285,0.8485,0.6755,0.5951,0.3141,0.4697,0.262
sans1269,indo1316,1.0,0.6088,0.541,0.1789,0.4225,0.1868
sans1269,ukra1253,0.8337,0.6002,0.5524,0.2566,0.5471,0.221
sans1269,west2369,0.7125,0.6081,0.5611,0.3931,0.5152,0.0982
sans1269,hebr1245,1.0,0.5908,0.6157,0.4576,0.6466,0.1743
sans1269,basq1248,0.9819,0.551,0.5421,0.409,0.5152,0.2889
sans1269,latv1249,0.7837,0.5859,0.5352,0.3695,0.4822,0.2321
sans1269,slov1268,0.8337,0.6146,0.5927,0.319,0.5738,0.2453
sans1269,croa1245,0.86,0.5861,0.5388,0.3743,0.5102,0.2393
sans1269,roma1327,0.8691,0.646,0.5735,0.3141,0.5351,0.2197
sans1269,slov1269,0.8337,0.7664,0.7284,0.5426,0.6478,0.2359
sans1269,bulg1262,0.8485,0.6055,0.5821,0.319,0.6078,0.2148
sans1269,port1283,0.8886,0.6144,0.5714,0.2513,0.5291,0.2973
sans1269,dutc1256,0.8767,0.6495,0.6012,0.3418,0.5789,0.2713
sans1269,stan1293,0.8767,0.7271,0.6599,0.2513,0.5552,0.2849
sans1269,ital1282,0.8767,0.6275,0.5885,0.2566,0.5471,0.2504
sans1269,stan1289,0.8831,0.655,0.5775,0.1789,0.4681,0.2767
sans1269,hind1269,0.5456,0.5952,0.517,0.3743,0.4443,0.0229
sans1269,poli1260,0.8337,0.5998,0.5643,0.1789,0.5078,0.2389
sans1269,stan1295,0.8485,0.6255,0.592,0.3931,0.6188,0.2523
sans1269,oldf1239,0.8934,0.5584,0.5147,0.3743,0.4503,0.2792
sans1269,stan1288,0.8934,0.6369,0.5724,0.3695,0.5319,0.2898
sans1269,stan1290,0.8934,0.6792,0.6074,0.3743,0.5502,0.2787
sans1269,finn1318,1.0,0.6458,0.5576,0.3141,0.5021,0.2428
sans1269,anci1242,0.8136,0.5737,0.5311,0.3141,0.434,0.222
sans1269,norw1258,0.8337,0.6016,0.5457,0.4413,0.4966,0.2635
sans1269,stan1318,1.0,0.6666,0.5784,0.319,0.4359,0.1401
sans1269,lati1261,0.8337,0.5629,0.5257,0.3141,0.4604,0.2508
sans1269,esto1258,0.9819,0.6394,0.5393,0.2566,0.434,0.2352
sans1269,kore1280,1.0,0.563,0.5443,0.5335,0.5265,0.2081
sans1269,nucl1643,1.0,0.5378,0.5479,0.4878,0.5417,0.2302
sans1269,russ1263,0.8136,0.5917,0.5909,0.319,0.6065,0.1526
sans1269,czec1258,0.8485,0.5823,0.5649,0.319,0.5602,0.2462
faro1244,russ1264,1.0,0.6449,0.5579,0.3433,0.3852,0.2394
faro1244,nort2641,0.9014,0.6093,0.5578,0.3455,0.4965,0.1753
faro1244,uppe1395,0.8831,0.7624,0.7391,0.5859,0.7029,0.0722
faro1244,kaza1248,1.0,0.8361,0.7116,0.6373,0.4701,0.203
faro1244,nucl1235,0.8485,0.6055,0.5467,0.3695,0.4194,0.1688
faro1244,swed1236,1.0,0.7624,0.7391,0.5859,0.7029,0.0534
faro1244,lith1251,0.8485,0.5563,0.5187,0.195,0.4913,0.0789
faro1244,bela1254,0.8691,0.5198,0.4684,0.195,0.3389,0.0875
faro1244,mara1378,0.8934,0.5678,0.5435,0.195,0.4316,0.3004
faro1244,copt1239,1.0,0.549,0.5169,0.3433,0.448,0.1817
faro1244,tami1289,1.0,0.6901,0.5895,0.3277,0.471,0.3271
faro1244,iris1253,0.9014,0.5172,0.5241,0.3455,0.4907,0.0406
faro1244,hung1274,1.0,0.5836,0.5224,0.1864,0.423,0.0969
faro1244,telu1262,1.0,0.6494,0.5744,0.2736,0.5096,0.3086
faro1244,afri1274,0.6936,0.6264,0.5814,0.432,0.4405,0.3616
faro1244,viet1252,1.0,0.678,0.6364,0.432,0.519,0.3458
faro1244,uigh1240,1.0,0.7155,0.5881,0.4477,0.3703,0.2228
faro1244,mode1248,0.8831,0.5147,0.5163,0.2736,0.5182,0.1228
faro1244,nort2671,1.0,0.5536,0.5015,0.3498,0.3918,0.0621
faro1244,gali1258,0.9214,0.4709,0.4908,0.2566,0.4835,0.0901
faro1244,serb1264,0.9014,0.515,0.4685,0.0,0.2772,0.1103
faro1244,goth1244,0.6082,0.5719,0.5232,0.2736,0.3467,0.1161
faro1244,nucl1301,1.0,0.6706,0.5866,0.2736,0.4938,0.1461
faro1244,mand1415,1.0,0.6682,0.6426,0.4835,0.5524,0.2893
faro1244,urdu1245,0.9014,0.6356,0.5884,0.4576,0.4968,0.2607
faro1244,chur1257,0.8831,0.7624,0.7391,0.5859,0.7029,0.1141
faro1244,swed1254,0.5354,0.4445,0.4838,0.3695,0.5002,0.0546
faro1244,dani1285,0.5354,0.4678,0.468,0.3277,0.3695,0.0507
faro1244,indo1316,1.0,0.5897,0.533,0.3277,0.3358,0.4198
faro1244,ukra1253,0.8831,0.4991,0.4591,0.0,0.4194,0.1011
faro1244,west2369,0.9014,0.5919,0.5405,0.3064,0.4315,0.2268
faro1244,hebr1245,1.0,0.5254,0.5446,0.4816,0.5266,0.1819
faro1244,basq1248,0.9744,0.6485,0.6026,0.3277,0.5313,0.0868
faro1244,latv1249,0.8485,0.5307,0.4795,0.2736,0.355,0.0754
faro1244,slov1268,0.8831,0.5032,0.4685,0.195,0.4007,0.0913
faro1244,croa1245,0.9014,0.5305,0.5087,0.2804,0.3964,0.0986
faro1244,roma1327,0.9078,0.5174,0.4814,0.1864,0.4034,0.1069
faro1244,slov1269,0.8831,0.7624,0.7391,0.5859,0.7029,0.0895
faro1244,bulg1262,0.8934,0.5621,0.5373,0.195,0.4822,0.1193
faro1244,port1283,0.9214,0.4716,0.4803,0.2566,0.4487,0.0914
faro1244,dutc1256,0.7323,0.4453,0.4908,0.3455,0.5122,0.0546
faro1244,stan1293,0.7323,0.561,0.5613,0.2566,0.4812,0.044
faro1244,ital1282,0.9131,0.5006,0.4984,0.0,0.448,0.1009
faro1244,stan1289,0.9176,0.4872,0.4743,0.1864,0.3951,0.0958
faro1244,hind1269,0.9014,0.6135,0.5862,0.3776,0.5362,0.2784
faro1244,poli1260,0.8831,0.4999,0.5163,0.1864,0.4492,0.0779
faro1244,stan1295,0.6667,0.4948,0.4995,0.4034,0.4779,0.0785
faro1244,oldf1239,0.9248,0.5399,0.5138,0.2804,0.349,0.0768
faro1244,stan1288,0.9248,0.5035,0.5062,0.2736,0.4559,0.0995
faro1244,stan1290,0.9248,0.4674,0.4913,0.3776,0.4968,0.0682
faro1244,finn1318,1.0,0.5662,0.5042,0.3277,0.4135,0.0666
faro1244,anci1242,0.8691,0.5388,0.4834,0.1864,0.2772,0.1274
faro1244,norw1258,0.2677,0.4809,0.5179,0.4576,0.5337,0.0385
faro1244,stan1318,1.0,0.6004,0.5062,0.195,0.3269,0.2087
faro1244,lati1261,0.8831,0.5498,0.5027,0.3277,0.3602,0.1052
faro1244,esto1258,0.9744,0.5309,0.4742,0.2736,0.3602,0.0708
faro1244,kore1280,1.0,0.6695,0.5996,0.5609,0.4751,0.3106
faro1244,nucl1643,1.0,0.6848,0.6192,0.5096,0.538,0.3252
faro1244,russ1263,0.8691,0.516,0.5193,0.195,0.4738,0.178
faro1244,czec1258,0.8934,0.4708,0.4726,0.195,0.4658,0.0783
russ1264,nort2641,1.0,0.5588,0.5283,0.3918,0.516,0.2012
russ1264,uppe1395,1.0,0.7725,0.7468,0.6082,0.7279,0.2325
russ1264,kaza1248,1.0,0.6994,0.6252,0.5,0.359,0.1284
russ1264,nucl1235,1.0,0.5747,0.5308,0.4208,0.5288,0.1886
russ1264,swed1236,1.0,0.7725,0.7468,0.6082,0.7279,0.2114
russ1264,lith1251,1.0,0.5584,0.5202,0.2871,0.5138,0.2046
russ1264,bela1254,1.0,0.5827,0.542,0.2871,0.4421,0.2052
russ1264,mara1378,1.0,0.519,0.5012,0.4097,0.473,0.1782
russ1264,copt1239,1.0,0.7333,0.659,0.4097,0.5018,0.2508
russ1264,tami1289,1.0,0.5305,0.4835,0.2677,0.4617,0.2022
russ1264,iris1253,1.0,0.6561,0.5956,0.3918,0.482,0.2655
russ1264,hung1274,1.0,0.5861,0.5176,0.3862,0.4689,0.2324
russ1264,telu1262,1.0,0.4563,0.4726,0.195,0.5399,0.18
russ1264,afri1274,1.0,0.7306,0.6429,0.3918,0.4842,0.3902
russ1264,viet1252,1.0,0.7895,0.6951,0.3918,0.5536,0.1456
russ1264,uigh1240,1.0,0.4877,0.4125,0.4097,0.2766,0.0856
russ1264,mode1248,1.0,0.6679,0.6053,0.3433,0.551,0.2322
russ1264,nort2671,1.0,0.6147,0.5146,0.4278,0.3579,0.1841
russ1264,gali1258,1.0,0.6324,0.5803,0.319,0.48,0.2969
russ1264,serb1264,1.0,0.593,0.5047,0.3433,0.3117,0.2338
russ1264,goth1244,1.0,0.6601,0.5369,0.3433,0.1707,0.2093
russ1264,nucl1301,1.0,0.5086,0.473,0.3433,0.5342,0.2194
russ1264,mand1415,1.0,0.6061,0.6193,0.4498,0.5513,0.06
russ1264,urdu1245,1.0,0.4973,0.5211,0.5049,0.5337,0.1742
russ1264,chur1257,1.0,0.7725,0.7468,0.6082,0.7279,0.2333
russ1264,swed1254,1.0,0.6688,0.5954,0.319,0.5169,0.2073
russ1264,dani1285,1.0,0.6664,0.5808,0.2677,0.4235,0.233
russ1264,indo1316,1.0,0.7013,0.6054,0.2677,0.3912,0.2517
russ1264,ukra1253,1.0,0.6352,0.5588,0.3433,0.4736,0.219
russ1264,west2369,1.0,0.5841,0.5242,0.4498,0.48,0.1924
russ1264,hebr1245,1.0,0.6614,0.615,0.4477,0.5622,0.2369
russ1264,basq1248,0.9766,0.6205,0.5952,0.3862,0.5804,0.2833
russ1264,latv1249,1.0,0.6237,0.535,0.3433,0.4537,0.2005
russ1264,slov1268,1.0,0.6265,0.5656,0.2871,0.4825,0.2443
russ1264,croa1245,1.0,0.6211,0.5555,0.2048,0.4544,0.2427
russ1264,roma1327,1.0,0.6358,0.5576,0.3862,0.48,0.2236
russ1264,slov1269,1.0,0.7725,0.7468,0.6082,0.7279,0.2302
russ1264,bulg1262,1.0,0.5939,0.5478,0.2871,0.5273,0.2292
russ1264,port1283,1.0,0.6251,0.5705,0.319,0.4387,0.2919
russ1264,dutc1256,1.0,0.6504,0.569,0.3918,0.482,0.2481
russ1264,stan1293,1.0,0.7197,0.6522,0.319,0.517,0.2557
russ1264,ital1282,1.0,0.6383,0.5898,0.3433,0.4736,0.2569
russ1264,stan1289,1.0,0.6556,0.583,0.2677,0.4413,0.2785
russ1264,hind1269,1.0,0.5474,0.5504,0.4196,0.5641,0.1516
russ1264,poli1260,1.0,0.5985,0.5559,0.2677,0.4717,0.2226
russ1264,stan1295,1.0,0.6146,0.5526,0.359,0.5169,0.2428
russ1264,oldf1239,1.0,0.6126,0.5195,0.3613,0.2455,0.2697
russ1264,stan1288,1.0,0.6631,0.5827,0.4477,0.5126,0.2909
russ1264,stan1290,1.0,0.7147,0.6039,0.4196,0.4882,0.2642
russ1264,finn1318,1.0,0.6231,0.5203,0.2677,0.4608,0.1843
russ1264,anci1242,1.0,0.5936,0.5282,0.3862,0.3117,0.2453
russ1264,norw1258,1.0,0.6023,0.563,0.4208,0.5696,0.2195
russ1264,stan1318,1.0,0.7052,0.5827,0.4097,0.2733,0.2234
russ1264,lati1261,1.0,0.6043,0.529,0.3862,0.3549,0.2604
russ1264,esto1258,0.9766,0.6162,0.5069,0.195,0.3939,0.1946
russ1264,kore1280,1.0,0.537,0.5054,0.5348,0.4441,0.0943
russ1264,nucl1643,1.0,0.5096,0.4963,0.4788,0.4608,0.1194
russ1264,russ1263,1.0,0.6265,0.5695,0.2871,0.5319,0.0921
russ1264,czec1258,1.0,0.5955,0.535,0.2871,0.4643,0.2345
nort2641,russ1264,1.0,0.5588,0.5283,0.3918,0.516,0.2012
nort2641,uppe1395,0.8919,0.7983,0.7435,0.5,0.6391,0.1119
nort2641,kaza1248,1.0,0.7201,0.6637,0.6082,0.5745,0.0828
nort2641,nucl1235,0.86,0.6506,0.5788,0.4225,0.4757,0.0156
nort2641,swed1236,1.0,0.7983,0.7435,0.5,0.6391,0.1262
nort2641,lith1251,0.86,0.5761,0.5514,0.3918,0.5156,0.1012
nort2641,bela1254,0.879,0.6027,0.5788,0.3918,0.5097,0.092
nort2641,mara1378,0.8003,0.6612,0.6178,0.3918,0.5819,0.157
nort2641,copt1239,1.0,0.6704,0.6333,0.4745,0.5781,0.0567
nort2641,tami1289,1.0,0.6595,0.5878,0.3881,0.5752,0.1848
nort2641,iris1253,0.9087,0.635,0.5563,0.3325,0.5052,0.1704
nort2641,hung1274,1.0,0.6291,0.5776,0.3881,0.5414,0.0904
nort2641,telu1262,1.0,0.6501,0.5833,0.3455,0.5743,0.1675
nort2641,afri1274,0.9087,0.7389,0.6611,0.4759,0.5354,0.2592
nort2641,viet1252,1.0,0.7203,0.6237,0.4097,0.4986,0.2518
nort2641,uigh1240,1.0,0.6049,0.5483,0.4745,0.5564,0.1286
nort2641,mode1248,0.8919,0.6338,0.5999,0.432,0.5492,0.068
nort2641,nort2671,1.0,0.6353,0.5936,0.4788,0.5727,0.1512
nort2641,gali1258,0.9273,0.6292,0.5863,0.3418,0.5473,0.1722
nort2641,serb1264,0.9087,0.5494,0.5273,0.3455,0.523,0.0798
nort2641,goth1244,0.8278,0.5327,0.5213,0.3455,0.516,0.0632
nort2641,nucl1301,1.0,0.646,0.5673,0.432,0.5051,0.0387
nort2641,mand1415,1.0,0.7181,0.6474,0.4513,0.5353,0.2416
nort2641,urdu1245,0.8155,0.5796,0.5077,0.3418,0.4932,0.1073
nort2641,chur1257,0.8919,0.7983,0.7435,0.5,0.6391,0.0761
nort2641,swed1254,0.9014,0.6737,0.6178,0.4225,0.5964,0.1266
nort2641,dani1285,0.9014,0.6959,0.6045,0.3881,0.4626,0.1305
nort2641,indo1316,1.0,0.6317,0.5652,0.3881,0.4397,0.3185
nort2641,ukra1253,0.8919,0.61,0.5408,0.3455,0.4531,0.0801
nort2641,west2369,0.6128,0.5517,0.4997,0.2914,0.4452,0.0601
nort2641,hebr1245,1.0,0.6008,0.5791,0.432,0.5322,0.0405
nort2641,basq1248,0.9724,0.6561,0.6122,0.3881,0.5473,0.1524
nort2641,latv1249,0.86,0.6396,0.5791,0.432,0.4965,0.1062
nort2641,slov1268,0.8919,0.5998,0.572,0.3918,0.5263,0.1037
nort2641,croa1245,0.9087,0.5287,0.5231,0.4359,0.5019,0.0965
nort2641,roma1327,0.9147,0.5982,0.4986,0.2952,0.4225,0.0766
nort2641,slov1269,0.8919,0.7983,0.7435,0.5,0.6391,0.0956
nort2641,bulg1262,0.9014,0.5799,0.5414,0.3918,0.5291,0.0688
nort2641,port1283,0.9273,0.6218,0.5655,0.3418,0.5045,0.162
nort2641,dutc1256,0.9196,0.6511,0.5527,0.3325,0.4871,0.1372
nort2641,stan1293,0.9196,0.7296,0.6297,0.3418,0.4991,0.1535
nort2641,ital1282,0.9196,0.6243,0.5845,0.3455,0.539,0.1081
nort2641,stan1289,0.9237,0.655,0.5779,0.2952,0.4831,0.138
nort2641,hind1269,0.8155,0.6389,0.5731,0.2817,0.524,0.1405
nort2641,poli1260,0.8919,0.6125,0.5784,0.2952,0.48,0.1029
nort2641,stan1295,0.9014,0.6291,0.5345,0.3789,0.493,0.1132
nort2641,oldf1239,0.9304,0.5243,0.5342,0.4359,0.5428,0.142
nort2641,stan1288,0.9304,0.6163,0.5698,0.432,0.5644,0.1533
nort2641,stan1290,0.9304,0.6765,0.582,0.3661,0.5284,0.1425
nort2641,finn1318,1.0,0.6548,0.5783,0.3881,0.5349,0.1334
nort2641,anci1242,0.879,0.6427,0.5874,0.3881,0.4757,0.0762
nort2641,norw1258,0.8919,0.6154,0.5868,0.4918,0.6064,0.1399
nort2641,stan1318,1.0,0.5948,0.5698,0.3918,0.5294,0.0415
nort2641,lati1261,0.8919,0.6312,0.5886,0.3881,0.523,0.1085
nort2641,esto1258,0.9724,0.6763,0.5884,0.3455,0.523,0.1146
nort2641,kore1280,1.0,0.6925,0.6482,0.572,0.597,0.2777
nort2641,nucl1643,1.0,0.7016,0.6178,0.4646,0.5156,0.3003
nort2641,russ1263,0.879,0.6386,0.5984,0.3918,0.5149,0.119
nort2641,czec1258,0.9014,0.5657,0.542,0.3918,0.5104,0.1078
uppe1395,russ1264,1.0,0.7725,0.7468,0.6082,0.7279,0.2325
uppe1395,nort2641,0.8919,0.7983,0.7435,0.5,0.6391,0.1119
uppe1395,kaza1248,1.0,0.8983,0.862,0.7323,0.7722,0.1597
uppe1395,nucl1235,0.8337,0.7181,0.7019,0.5426,0.6792,0.1084
uppe1395,swed1236,1.0,0.0,0.0,0.0,0.0,0.0356
uppe1395,lith1251,0.6545,0.7341,0.7009,0.6082,0.6566,0.0318
uppe1395,bela1254,0.5319,0.7341,0.7129,0.6082,0.7078,0.0327
uppe1395,mara1378,0.8831,0.747,0.7139,0.6082,0.6348,0.2539
uppe1395,copt1239,1.0,0.7684,0.7435,0.6082,0.6792,0.1136
uppe1395,tami1289,1.0,0.7664,0.7221,0.5641,0.6263,0.2808
uppe1395,iris1253,0.8919,0.747,0.6979,0.5,0.6137,0.0621
uppe1395,hung1274,1.0,0.7251,0.6989,0.5641,0.6522,0.0253
uppe1395,telu1262,1.0,0.7546,0.6989,0.5859,0.5689,0.2632
uppe1395,afri1274,0.8919,0.6342,0.6415,0.5,0.6435,0.3121
uppe1395,viet1252,1.0,0.7829,0.7337,0.5,0.5931,0.3217
uppe1395,uigh1240,1.0,0.8274,0.7873,0.6082,0.7438,0.1916
uppe1395,mode1248,0.8718,0.713,0.6989,0.5859,0.6981,0.0522
uppe1395,nort2671,1.0,0.7725,0.7593,0.6545,0.7605,0.0814
uppe1395,gali1258,0.9139,0.7164,0.6931,0.5426,0.6611,0.0793
uppe1395,serb1264,0.6614,0.7766,0.757,0.5859,0.7127,0.0392
uppe1395,goth1244,0.7952,0.7766,0.7628,0.5859,0.7279,0.0506
uppe1395,nucl1301,1.0,0.7396,0.7019,0.5859,0.6263,0.078
uppe1395,mand1415,1.0,0.7414,0.7211,0.5212,0.6306,0.2821
uppe1395,urdu1245,0.8919,0.7851,0.7337,0.5426,0.6096,0.2092
uppe1395,chur1257,0.5903,0.0,0.0,0.0,0.0,0.0432
uppe1395,swed1254,0.8831,0.7377,0.7058,0.5426,0.6221,0.04
uppe1395,dani1285,0.8831,0.7396,0.719,0.5641,0.6746,0.0217
uppe1395,indo1316,1.0,0.7746,0.7457,0.5641,0.6746,0.3924
uppe1395,ukra1253,0.5903,0.7377,0.7139,0.5859,0.6792,0.0327
uppe1395,west2369,0.8919,0.747,0.7088,0.5212,0.6611,0.1684
uppe1395,hebr1245,1.0,0.7433,0.72,0.5859,0.7078,0.1141
uppe1395,basq1248,0.9766,0.7323,0.7098,0.5641,0.6611,0.0606
uppe1395,latv1249,0.6545,0.7527,0.72,0.5859,0.7029,0.037
uppe1395,slov1268,0.5903,0.7359,0.7098,0.6082,0.6746,0.0229
uppe1395,croa1245,0.6614,0.8052,0.7748,0.631,0.6885,0.0287
uppe1395,roma1327,0.8989,0.7527,0.7252,0.5641,0.6611,0.037
uppe1395,slov1269,0.4097,0.0,0.0,0.0,0.0,0.0179
uppe1395,bulg1262,0.631,0.7624,0.7305,0.6082,0.6478,0.0488
uppe1395,port1283,0.9139,0.7216,0.6921,0.5426,0.6391,0.0715
uppe1395,dutc1256,0.9047,0.7269,0.6931,0.5,0.6137,0.0271
uppe1395,stan1293,0.9047,0.6597,0.6459,0.5426,0.6054,0.044
uppe1395,ital1282,0.9047,0.7199,0.7019,0.5859,0.6792,0.0379
uppe1395,stan1289,0.9097,0.7147,0.695,0.5641,0.6522,0.0549
uppe1395,hind1269,0.8919,0.7269,0.6759,0.4788,0.5451,0.2341
uppe1395,poli1260,0.4097,0.7028,0.6759,0.5641,0.6655,0.0124
uppe1395,stan1295,0.8831,0.7508,0.7139,0.5212,0.6221,0.0132
uppe1395,oldf1239,0.9176,0.7664,0.7605,0.631,0.7384,0.0445
uppe1395,stan1288,0.9176,0.7585,0.7326,0.5859,0.6885,0.0695
uppe1395,stan1290,0.9176,0.7451,0.696,0.4788,0.6096,0.0396
uppe1395,finn1318,1.0,0.7605,0.7242,0.5641,0.6566,0.0671
uppe1395,anci1242,0.8564,0.7062,0.6999,0.5641,0.7127,0.0575
uppe1395,norw1258,0.8718,0.7508,0.7078,0.5426,0.5972,0.0418
uppe1395,stan1318,1.0,0.7624,0.7326,0.6082,0.7332,0.144
uppe1395,lati1261,0.8718,0.7062,0.7028,0.5641,0.7127,0.0432
uppe1395,esto1258,0.9766,0.7644,0.7402,0.5859,0.7127,0.0461
uppe1395,kore1280,1.0,0.7323,0.7119,0.5859,0.6792,0.3105
uppe1395,nucl1643,1.0,0.7451,0.7098,0.5641,0.6566,0.329
uppe1395,russ1263,0.5319,0.7359,0.7038,0.6082,0.6933,0.1537
uppe1395,czec1258,0.4788,0.7546,0.72,0.6082,0.6839,0.0066
kaza1248,russ1264,1.0,0.6994,0.6252,0.5,0.359,0.1284
kaza1248,nort2641,1.0,0.7201,0.6637,0.6082,0.5745,0.0828
kaza1248,uppe1395,1.0,0.8983,0.862,0.7323,0.7722,0.1597
kaza1248,nucl1235,1.0,0.7578,0.7024,0.6695,0.5159,0.0718
kaza1248,swed1236,1.0,0.8983,0.862,0.7323,0.7722,0.1559
kaza1248,lith1251,1.0,0.7434,0.7125,0.6172,0.5793,0.1356
kaza1248,bela1254,1.0,0.7659,0.7099,0.6172,0.496,0.1303
kaza1248,mara1378,1.0,0.754,0.6994,0.6172,0.5797,0.116
kaza1248,copt1239,1.0,0.8807,0.7481,0.6172,0.577,0.1368
kaza1248,tami1289,1.0,0.7074,0.6603,0.5533,0.5641,0.1494
kaza1248,iris1253,1.0,0.8682,0.7419,0.6082,0.5789,0.2131
kaza1248,hung1274,1.0,0.7733,0.7233,0.6545,0.5849,0.1473
kaza1248,telu1262,1.0,0.7218,0.687,0.529,0.6224,0.1251
kaza1248,afri1274,1.0,0.827,0.7436,0.6082,0.5416,0.3027
kaza1248,viet1252,1.0,0.8471,0.7276,0.6082,0.6455,0.1856
kaza1248,uigh1240,0.5804,0.595,0.5446,0.5,0.2952,0.0476
kaza1248,mode1248,1.0,0.8634,0.7761,0.6373,0.5795,0.1352
kaza1248,nort2671,1.0,0.8039,0.6753,0.5641,0.2786,0.1572
kaza1248,gali1258,1.0,0.8213,0.7197,0.5741,0.5152,0.2294
kaza1248,serb1264,1.0,0.7743,0.6672,0.6373,0.4474,0.1424
kaza1248,goth1244,1.0,0.7743,0.6346,0.529,0.359,0.1167
kaza1248,nucl1301,0.5354,0.738,0.7024,0.6373,0.5897,0.1122
kaza1248,mand1415,1.0,0.7593,0.6717,0.5922,0.5588,0.1675
kaza1248,urdu1245,1.0,0.681,0.6555,0.5741,0.6075,0.077
kaza1248,chur1257,1.0,0.8983,0.862,0.7323,0.7722,0.1401
kaza1248,swed1254,1.0,0.8511,0.7351,0.5741,0.5944,0.1537
kaza1248,dani1285,1.0,0.8501,0.7132,0.5533,0.4918,0.1712
kaza1248,indo1316,1.0,0.8275,0.6825,0.5533,0.4918,0.2715
kaza1248,ukra1253,1.0,0.8293,0.7463,0.6373,0.577,0.1329
kaza1248,west2369,1.0,0.8005,0.7232,0.6827,0.5449,0.0719
kaza1248,hebr1245,1.0,0.8258,0.7314,0.529,0.5309,0.1208
kaza1248,basq1248,0.9744,0.7674,0.7223,0.6545,0.601,0.211
kaza1248,latv1249,1.0,0.8424,0.7408,0.6373,0.5058,0.136
kaza1248,slov1268,1.0,0.8305,0.7407,0.6172,0.5541,0.1619
kaza1248,croa1245,1.0,0.7709,0.6642,0.5933,0.5319,0.1569
kaza1248,roma1327,1.0,0.8424,0.736,0.6545,0.5734,0.1341
kaza1248,slov1269,1.0,0.8983,0.862,0.7323,0.7722,0.1489
kaza1248,bulg1262,1.0,0.763,0.6907,0.6172,0.5634,0.1336
kaza1248,port1283,1.0,0.8388,0.7293,0.5741,0.5476,0.2208
kaza1248,dutc1256,1.0,0.8147,0.7197,0.6082,0.5789,0.1837
kaza1248,stan1293,1.0,0.8834,0.7708,0.5741,0.5879,0.1977
kaza1248,ital1282,1.0,0.7985,0.7386,0.6373,0.577,0.1715
kaza1248,stan1289,1.0,0.8626,0.7356,0.5533,0.529,0.2
kaza1248,hind1269,1.0,0.7501,0.709,0.6224,0.641,0.0875
kaza1248,poli1260,1.0,0.8096,0.7425,0.5533,0.5673,0.1483
kaza1248,stan1295,1.0,0.7975,0.6994,0.5922,0.5692,0.1665
kaza1248,oldf1239,1.0,0.759,0.6621,0.5933,0.4208,0.198
kaza1248,stan1288,1.0,0.8622,0.7485,0.6373,0.5632,0.2151
kaza1248,stan1290,1.0,0.8912,0.7523,0.6224,0.5835,0.1954
kaza1248,finn1318,1.0,0.7894,0.688,0.5533,0.5222,0.1445
kaza1248,anci1242,1.0,0.8075,0.7224,0.6545,0.4474,0.1474
kaza1248,norw1258,1.0,0.7975,0.7056,0.5741,0.5964,0.1695
kaza1248,stan1318,1.0,0.9071,0.768,0.7211,0.4359,0.1024
kaza1248,lati1261,1.0,0.8075,0.7197,0.5533,0.4856,0.1736
kaza1248,esto1258,0.9744,0.8105,0.6789,0.529,0.4062,0.1378
kaza1248,kore1280,1.0,0.7451,0.6824,0.6373,0.4832,0.2068
kaza1248,nucl1643,1.0,0.7323,0.675,0.5533,0.5222,0.2316
kaza1248,russ1263,1.0,0.8086,0.7459,0.6172,0.5558,0.0586
kaza1248,czec1258,1.0,0.7944,0.7218,0.6172,0.5397,0.1585
nucl1235,russ1264,1.0,0.5747,0.5308,0.4208,0.5288,0.1886
nucl1235,nort2641,0.86,0.6506,0.5788,0.4225,0.4757,0.0156
nucl1235,uppe1395,0.8337,0.7181,0.7019,0.5426,0.6792,0.1084
nucl1235,kaza1248,1.0,0.7578,0.7024,0.6695,0.5159,0.0718
nucl1235,swed1236,1.0,0.7181,0.7019,0.5426,0.6792,0.1187
nucl1235,lith1251,0.7837,0.5027,0.4811,0.319,0.4906,0.0936
nucl1235,bela1254,0.8136,0.5346,0.4902,0.319,0.3748,0.0849
nucl1235,mara1378,0.8485,0.5715,0.5547,0.4208,0.5448,0.1568
nucl1235,copt1239,1.0,0.698,0.6286,0.5049,0.5203,0.0704
nucl1235,tami1289,1.0,0.6088,0.5671,0.4878,0.5747,0.186
nucl1235,iris1253,0.86,0.6217,0.5806,0.4225,0.5339,0.1672
nucl1235,hung1274,1.0,0.5009,0.4907,0.409,0.4756,0.0889
nucl1235,telu1262,1.0,0.5778,0.5491,0.4576,0.5673,0.1671
nucl1235,afri1274,0.86,0.6811,0.6294,0.4918,0.512,0.2718
nucl1235,viet1252,1.0,0.7191,0.6634,0.4918,0.5408,0.246
nucl1235,uigh1240,1.0,0.628,0.5492,0.5049,0.4637,0.1172
nucl1235,mode1248,0.8337,0.5354,0.5337,0.3695,0.5346,0.0698
nucl1235,nort2671,1.0,0.5861,0.5281,0.4259,0.4495,0.1403
nucl1235,gali1258,0.8886,0.4777,0.4968,0.4413,0.5056,0.1735
nucl1235,serb1264,0.86,0.5775,0.527,0.3695,0.4528,0.0801
nucl1235,goth1244,0.7323,0.5775,0.5587,0.4576,0.5018,0.0588
nucl1235,nucl1301,1.0,0.5232,0.4959,0.3695,0.4963,0.0426
nucl1235,mand1415,1.0,0.5511,0.5795,0.4685,0.5308,0.2308
nucl1235,urdu1245,0.86,0.5827,0.574,0.5132,0.5577,0.1074
nucl1235,chur1257,0.8337,0.7181,0.7019,0.5426,0.6792,0.0768
nucl1235,swed1254,0.8485,0.548,0.5683,0.4413,0.5797,0.1185
nucl1235,dani1285,0.8485,0.5444,0.5063,0.409,0.404,0.1257
nucl1235,indo1316,1.0,0.6584,0.5975,0.4878,0.404,0.3172
nucl1235,ukra1253,0.8337,0.548,0.5166,0.3695,0.4726,0.0767
nucl1235,west2369,0.86,0.602,0.4986,0.3021,0.3203,0.0643
nucl1235,hebr1245,1.0,0.5784,0.5546,0.3695,0.4911,0.055
nucl1235,basq1248,0.9819,0.5585,0.5244,0.1789,0.4592,0.1536
nucl1235,latv1249,0.7837,0.571,0.4924,0.3695,0.3566,0.0978
nucl1235,slov1268,0.8337,0.5516,0.5189,0.319,0.4569,0.1032
nucl1235,croa1245,0.86,0.6122,0.5516,0.3743,0.4263,0.0965
nucl1235,roma1327,0.8691,0.516,0.4807,0.3141,0.3812,0.0746
nucl1235,slov1269,0.8337,0.7181,0.7019,0.5426,0.6792,0.0931
nucl1235,bulg1262,0.8485,0.5162,0.5054,0.319,0.5052,0.0695
nucl1235,port1283,0.8886,0.5287,0.5249,0.4413,0.4975,0.1635
nucl1235,dutc1256,0.8767,0.5486,0.5437,0.4225,0.5339,0.1341
nucl1235,stan1293,0.8767,0.6576,0.6207,0.4413,0.5064,0.1503
nucl1235,ital1282,0.8767,0.512,0.5178,0.3695,0.5203,0.1098
nucl1235,stan1289,0.8831,0.5124,0.5038,0.409,0.4522,0.1401
nucl1235,hind1269,0.86,0.5584,0.5174,0.3743,0.5081,0.1376
nucl1235,poli1260,0.8337,0.544,0.5418,0.409,0.5204,0.0983
nucl1235,stan1295,0.8485,0.5641,0.5277,0.3021,0.4819,0.1113
nucl1235,oldf1239,0.8934,0.5184,0.5189,0.3743,0.5064,0.142
nucl1235,stan1288,0.8934,0.5702,0.5421,0.4576,0.5037,0.1557
nucl1235,stan1290,0.8934,0.6343,0.5738,0.3743,0.5006,0.1415
nucl1235,finn1318,1.0,0.5552,0.5012,0.409,0.4676,0.1227
nucl1235,anci1242,0.8136,0.4792,0.4717,0.409,0.4236,0.0804
nucl1235,norw1258,0.8337,0.5426,0.5547,0.5132,0.589,0.1328
nucl1235,stan1318,1.0,0.6569,0.5976,0.4208,0.4901,0.0551
nucl1235,lati1261,0.8337,0.5093,0.4995,0.4878,0.4528,0.1109
nucl1235,esto1258,0.9819,0.5691,0.4958,0.3695,0.3926,0.1053
nucl1235,kore1280,1.0,0.5174,0.5261,0.6019,0.5429,0.2671
nucl1235,nucl1643,1.0,0.522,0.5244,0.4878,0.5129,0.2899
nucl1235,russ1263,0.8136,0.5413,0.5086,0.319,0.4693,0.1045
nucl1235,czec1258,0.8485,0.5115,0.4864,0.319,0.4882,0.1049
swed1236,russ1264,1.0,0.7725,0.7468,0.6082,0.7279,0.2114
swed1236,nort2641,1.0,0.7983,0.7435,0.5,0.6391,0.1262
swed1236,uppe1395,1.0,0.0,0.0,0.0,0.0,0.0356
swed1236,kaza1248,1.0,0.8983,0.862,0.7323,0.7722,0.1559
swed1236,nucl1235,1.0,0.7181,0.7019,0.5426,0.6792,0.1187
swed1236,lith1251,1.0,0.7341,0.7009,0.6082,0.6566,0.0262
swed1236,bela1254,1.0,0.7341,0.7129,0.6082,0.7078,0.0356
swed1236,mara1378,1.0,0.747,0.7139,0.6082,0.6348,0.2571
swed1236,copt1239,1.0,0.7684,0.7435,0.6082,0.6792,0.1403
swed1236,tami1289,1.0,0.7664,0.7221,0.5641,0.6263,0.2853
swed1236,iris1253,1.0,0.747,0.6979,0.5,0.6137,0.0654
swed1236,hung1274,1.0,0.7251,0.6989,0.5641,0.6522,0.0558
swed1236,telu1262,1.0,0.7546,0.6989,0.5859,0.5689,0.2659
swed1236,afri1274,1.0,0.6342,0.6415,0.5,0.6435,0.3373
swed1236,viet1252,1.0,0.7829,0.7337,0.5,0.5931,0.3127
swed1236,uigh1240,1.0,0.8274,0.7873,0.6082,0.7438,0.181
swed1236,mode1248,1.0,0.713,0.6989,0.5859,0.6981,0.0796
swed1236,nort2671,1.0,0.7725,0.7593,0.6545,0.7605,0.0464
swed1236,gali1258,1.0,0.7164,0.6931,0.5426,0.6611,0.1007
swed1236,serb1264,1.0,0.7766,0.757,0.5859,0.7127,0.0686
swed1236,goth1244,1.0,0.7766,0.7628,0.5859,0.7279,0.0665
swed1236,nucl1301,1.0,0.7396,0.7019,0.5859,0.6263,0.099
swed1236,mand1415,1.0,0.7414,0.7211,0.5212,0.6306,0.2631
swed1236,urdu1245,1.0,0.7851,0.7337,0.5426,0.6096,0.2145
swed1236,chur1257,1.0,0.0,0.0,0.0,0.0,0.0719
swed1236,swed1254,1.0,0.7377,0.7058,0.5426,0.6221,0.005
swed1236,dani1285,1.0,0.7396,0.719,0.5641,0.6746,0.0252
swed1236,indo1316,1.0,0.7746,0.7457,0.5641,0.6746,0.3897
swed1236,ukra1253,1.0,0.7377,0.7139,0.5859,0.6792,0.0539
swed1236,west2369,1.0,0.747,0.7088,0.5212,0.6611,0.179
swed1236,hebr1245,1.0,0.7433,0.72,0.5859,0.7078,0.1376
swed1236,basq1248,0.9819,0.7323,0.7098,0.5641,0.6611,0.0863
swed1236,latv1249,1.0,0.7527,0.72,0.5859,0.7029,0.0222
swed1236,slov1268,1.0,0.7359,0.7098,0.6082,0.6746,0.0581
swed1236,croa1245,1.0,0.8052,0.7748,0.631,0.6885,0.0628
swed1236,roma1327,1.0,0.7527,0.7252,0.5641,0.6611,0.0614
swed1236,slov1269,1.0,0.0,0.0,0.0,0.0,0.0481
swed1236,bulg1262,1.0,0.7624,0.7305,0.6082,0.6478,0.0752
swed1236,port1283,1.0,0.7216,0.6921,0.5426,0.6391,0.0957
swed1236,dutc1256,1.0,0.7269,0.6931,0.5,0.6137,0.0428
swed1236,stan1293,1.0,0.6597,0.6459,0.5426,0.6054,0.0513
swed1236,ital1282,1.0,0.7199,0.7019,0.5859,0.6792,0.073
swed1236,stan1289,1.0,0.7147,0.695,0.5641,0.6522,0.0855
swed1236,hind1269,1.0,0.7269,0.6759,0.4788,0.5451,0.2344
swed1236,poli1260,1.0,0.7028,0.6759,0.5641,0.6655,0.0331
swed1236,stan1295,1.0,0.7508,0.7139,0.5212,0.6221,0.0481
swed1236,oldf1239,1.0,0.7664,0.7605,0.631,0.7384,0.0705
swed1236,stan1288,1.0,0.7585,0.7326,0.5859,0.6885,0.0974
swed1236,stan1290,1.0,0.7451,0.696,0.4788,0.6096,0.0627
swed1236,finn1318,1.0,0.7605,0.7242,0.5641,0.6566,0.0335
swed1236,anci1242,1.0,0.7062,0.6999,0.5641,0.7127,0.0885
swed1236,norw1258,1.0,0.7508,0.7078,0.5426,0.5972,0.0151
swed1236,stan1318,1.0,0.7624,0.7326,0.6082,0.7332,0.1624
swed1236,lati1261,1.0,0.7062,0.7028,0.5641,0.7127,0.0782
swed1236,esto1258,0.9819,0.7644,0.7402,0.5859,0.7127,0.0204
swed1236,kore1280,1.0,0.7323,0.7119,0.5859,0.6792,0.29
swed1236,nucl1643,1.0,0.7451,0.7098,0.5641,0.6566,0.308
swed1236,russ1263,1.0,0.7359,0.7038,0.6082,0.6933,0.1375
swed1236,czec1258,1.0,0.7546,0.72,0.6082,0.6839,0.0416
lith1251,russ1264,1.0,0.5584,0.5202,0.2871,0.5138,0.2046
lith1251,nort2641,0.86,0.5761,0.5514,0.3918,0.5156,0.1012
lith1251,uppe1395,0.6545,0.7341,0.7009,0.6082,0.6566,0.0318
lith1251,kaza1248,1.0,0.7434,0.7125,0.6172,0.5793,0.1356
lith1251,nucl1235,0.7837,0.5027,0.4811,0.319,0.4906,0.0936
lith1251,swed1236,1.0,0.7341,0.7009,0.6082,0.6566,0.0262
lith1251,bela1254,0.6082,0.3729,0.3842,0.0,0.4286,0.0098
lith1251,mara1378,0.8485,0.5866,0.5564,0.2871,0.5408,0.2366
lith1251,copt1239,1.0,0.6581,0.6136,0.4097,0.5344,0.1184
lith1251,tami1289,1.0,0.5715,0.547,0.3862,0.5698,0.2652
lith1251,iris1253,0.86,0.5537,0.5268,0.3918,0.4761,0.0839
lith1251,hung1274,1.0,0.5316,0.4927,0.2677,0.4287,0.0398
lith1251,telu1262,1.0,0.5722,0.5197,0.3433,0.4843,0.2457
lith1251,afri1274,0.86,0.64,0.5986,0.3918,0.4887,0.3221
lith1251,viet1252,1.0,0.691,0.6443,0.4745,0.5056,0.2994
lith1251,uigh1240,1.0,0.634,0.5649,0.4097,0.5317,0.1649
lith1251,mode1248,0.8337,0.5026,0.4982,0.195,0.5009,0.0587
lith1251,nort2671,1.0,0.5075,0.4969,0.2952,0.5216,0.0622
lith1251,gali1258,0.8886,0.4258,0.4656,0.319,0.5421,0.1094
lith1251,serb1264,0.7125,0.5099,0.5093,0.195,0.4955,0.05
lith1251,goth1244,0.7323,0.5362,0.5412,0.3433,0.5138,0.0415
lith1251,nucl1301,1.0,0.5353,0.5034,0.195,0.4959,0.0748
lith1251,mand1415,1.0,0.5964,0.6417,0.5273,0.6333,0.2558
lith1251,urdu1245,0.86,0.5677,0.57,0.5049,0.5551,0.1924
lith1251,chur1257,0.6545,0.7341,0.7009,0.6082,0.6566,0.0525
lith1251,swed1254,0.8485,0.5608,0.5493,0.319,0.5211,0.0268
lith1251,dani1285,0.8485,0.5126,0.4848,0.2677,0.4034,0.0384
lith1251,indo1316,1.0,0.6369,0.6045,0.3862,0.4766,0.3759
lith1251,ukra1253,0.6545,0.4442,0.4223,0.195,0.4436,0.032
lith1251,west2369,0.86,0.5537,0.5281,0.359,0.4795,0.1551
lith1251,hebr1245,1.0,0.5827,0.5827,0.4477,0.6169,0.1144
lith1251,basq1248,0.9819,0.5708,0.5529,0.2677,0.5219,0.0916
lith1251,latv1249,0.0,0.4135,0.3766,0.195,0.3847,0.0078
lith1251,slov1268,0.6545,0.4096,0.4067,0.0,0.429,0.0486
lith1251,croa1245,0.7125,0.5588,0.5123,0.2048,0.3666,0.0501
lith1251,roma1327,0.8691,0.5419,0.5184,0.2677,0.4795,0.0402
lith1251,slov1269,0.6545,0.7341,0.7009,0.6082,0.6566,0.0337
lith1251,bulg1262,0.6875,0.4944,0.464,0.0,0.3638,0.054
lith1251,port1283,0.8886,0.4368,0.4446,0.319,0.454,0.1022
lith1251,dutc1256,0.8767,0.5494,0.5403,0.3918,0.4954,0.0534
lith1251,stan1293,0.8767,0.6589,0.6017,0.319,0.4694,0.0673
lith1251,ital1282,0.8767,0.4533,0.4638,0.195,0.4906,0.0646
lith1251,stan1289,0.8831,0.4882,0.4672,0.2677,0.4737,0.0859
lith1251,hind1269,0.86,0.4949,0.4991,0.4196,0.5129,0.2142
lith1251,poli1260,0.6545,0.459,0.473,0.2677,0.4933,0.0211
lith1251,stan1295,0.8485,0.5459,0.5295,0.359,0.5022,0.044
lith1251,oldf1239,0.8934,0.4838,0.5007,0.2048,0.4903,0.0756
lith1251,stan1288,0.8934,0.5645,0.5495,0.3433,0.5404,0.1005
lith1251,stan1290,0.8934,0.59,0.5354,0.4196,0.4824,0.0699
lith1251,finn1318,1.0,0.5245,0.4912,0.2677,0.4657,0.0442
lith1251,anci1242,0.8136,0.4737,0.4681,0.2677,0.4701,0.0703
lith1251,norw1258,0.8337,0.5344,0.5459,0.4208,0.5526,0.0408
lith1251,stan1318,1.0,0.6023,0.5438,0.2871,0.4756,0.1382
lith1251,lati1261,0.8337,0.4845,0.4847,0.3862,0.5198,0.0695
lith1251,esto1258,0.9819,0.5022,0.4786,0.195,0.4701,0.0198
lith1251,kore1280,1.0,0.6309,0.5905,0.6123,0.5552,0.2853
lith1251,nucl1643,1.0,0.6109,0.5936,0.5587,0.5678,0.3047
lith1251,russ1263,0.6082,0.4977,0.4534,0.0,0.3825,0.1244
lith1251,czec1258,0.6875,0.3922,0.384,0.0,0.4073,0.0347
bela1254,russ1264,1.0,0.5827,0.542,0.2871,0.4421,0.2052
bela1254,nort2641,0.879,0.6027,0.5788,0.3918,0.5097,0.092
bela1254,uppe1395,0.5319,0.7341,0.7129,0.6082,0.7078,0.0327
bela1254,kaza1248,1.0,0.7659,0.7099,0.6172,0.496,0.1303
bela1254,nucl1235,0.8136,0.5346,0.4902,0.319,0.3748,0.0849
bela1254,swed1236,1.0,0.7341,0.7129,0.6082,0.7078,0.0356
bela1254,lith1251,0.6082,0.3729,0.3842,0.0,0.4286,0.0098
bela1254,mara1378,0.8691,0.5648,0.5631,0.2871,0.4934,0.2301
bela1254,copt1239,1.0,0.6689,0.6021,0.4097,0.4065,0.1092
bela1254,tami1289,1.0,0.5948,0.5655,0.3862,0.5064,0.2587
bela1254,iris1253,0.879,0.5075,0.5204,0.3918,0.524,0.0896
bela1254,hung1274,1.0,0.4642,0.4609,0.2677,0.381,0.0339
bela1254,telu1262,1.0,0.5722,0.5456,0.3433,0.5,0.2395
bela1254,afri1274,0.879,0.6471,0.606,0.3918,0.4544,0.315
bela1254,viet1252,1.0,0.6569,0.6553,0.4745,0.5299,0.2964
bela1254,uigh1240,1.0,0.6631,0.5805,0.4097,0.3955,0.1617
bela1254,mode1248,0.8564,0.4466,0.4548,0.195,0.4524,0.05
bela1254,nort2671,1.0,0.4804,0.4641,0.2952,0.4186,0.0711
bela1254,gali1258,0.9037,0.45,0.4374,0.319,0.4467,0.1111
bela1254,serb1264,0.6162,0.4825,0.4849,0.195,0.3443,0.0423
bela1254,goth1244,0.7699,0.5099,0.5193,0.3433,0.4078,0.0317
bela1254,nucl1301,1.0,0.5787,0.5351,0.195,0.4355,0.0651
bela1254,mand1415,1.0,0.5646,0.6156,0.5273,0.5855,0.2558
bela1254,urdu1245,0.879,0.5144,0.5675,0.5049,0.5499,0.1852
bela1254,chur1257,0.5319,0.7341,0.7129,0.6082,0.7078,0.0444
bela1254,swed1254,0.8691,0.5052,0.5224,0.319,0.4902,0.0365
bela1254,dani1285,0.8691,0.4647,0.4452,0.2677,0.3542,0.0442
bela1254,indo1316,1.0,0.614,0.5748,0.3862,0.3542,0.372
bela1254,ukra1253,0.2952,0.3601,0.3671,0.195,0.3748,0.0235
bela1254,west2369,0.879,0.6182,0.55,0.359,0.3898,0.1468
bela1254,hebr1245,1.0,0.5042,0.5295,0.4477,0.5443,0.1049
bela1254,basq1248,0.9791,0.5604,0.5483,0.2677,0.473,0.0924
bela1254,latv1249,0.6082,0.4551,0.3784,0.195,0.2512,0.0168
bela1254,slov1268,0.5319,0.3512,0.3722,0.0,0.3869,0.0452
bela1254,croa1245,0.6162,0.5444,0.525,0.2048,0.3478,0.0452
bela1254,roma1327,0.8869,0.5061,0.4758,0.2677,0.3585,0.0317
bela1254,slov1269,0.5319,0.7341,0.7129,0.6082,0.7078,0.0292
bela1254,bulg1262,0.5804,0.4402,0.4697,0.0,0.4463,0.0452
bela1254,port1283,0.9037,0.4243,0.4208,0.319,0.4369,0.1031
bela1254,dutc1256,0.8934,0.5172,0.5344,0.3918,0.524,0.0573
bela1254,stan1293,0.8934,0.6125,0.5966,0.319,0.5141,0.0725
bela1254,ital1282,0.8934,0.429,0.4158,0.195,0.4065,0.0608
bela1254,stan1289,0.8989,0.4657,0.4514,0.2677,0.4102,0.085
bela1254,hind1269,0.879,0.4718,0.5166,0.4196,0.5453,0.2083
bela1254,poli1260,0.5319,0.3874,0.4397,0.2677,0.4645,0.0205
bela1254,stan1295,0.8691,0.4985,0.5125,0.359,0.4902,0.0433
bela1254,oldf1239,0.9078,0.4703,0.4829,0.2048,0.3743,0.0766
bela1254,stan1288,0.9078,0.4917,0.5097,0.3433,0.4729,0.1003
bela1254,stan1290,0.9078,0.5463,0.5184,0.4196,0.4867,0.072
bela1254,finn1318,1.0,0.46,0.4454,0.2677,0.3376,0.0527
bela1254,anci1242,0.8391,0.4737,0.4338,0.2677,0.3443,0.0624
bela1254,norw1258,0.8564,0.486,0.5298,0.4208,0.5448,0.0498
bela1254,stan1318,1.0,0.5563,0.4971,0.2871,0.3526,0.129
bela1254,lati1261,0.8564,0.4513,0.4265,0.3862,0.3818,0.0655
bela1254,esto1258,0.9791,0.4483,0.4373,0.195,0.3028,0.0285
bela1254,kore1280,1.0,0.6212,0.5981,0.6123,0.5168,0.2862
bela1254,nucl1643,1.0,0.6315,0.6011,0.5587,0.5056,0.306
bela1254,russ1263,0.0,0.4231,0.4107,0.0,0.4024,0.1231
bela1254,czec1258,0.5804,0.4359,0.4008,0.0,0.3949,0.0337
mara1378,russ1264,1.0,0.519,0.5012,0.4097,0.473,0.1782
mara1378,nort2641,0.8003,0.6612,0.6178,0.3918,0.5819,0.157
mara1378,uppe1395,0.8831,0.747,0.7139,0.6082,0.6348,0.2539
mara1378,kaza1248,1.0,0.754,0.6994,0.6172,0.5797,0.116
mara1378,nucl1235,0.8485,0.5715,0.5547,0.4208,0.5448,0.1568
mara1378,swed1236,1.0,0.747,0.7139,0.6082,0.6348,0.2571
mara1378,lith1251,0.8485,0.5866,0.5564,0.2871,0.5408,0.2366
mara1378,bela1254,0.8691,0.5648,0.5631,0.2871,0.4934,0.2301
mara1378,copt1239,1.0,0.7177,0.662,0.4097,0.5248,0.1898
mara1378,tami1289,1.0,0.5338,0.468,0.3862,0.3687,0.0352
mara1378,iris1253,0.9014,0.6405,0.5967,0.3918,0.5291,0.3045
mara1378,hung1274,1.0,0.5593,0.533,0.2677,0.4901,0.2374
mara1378,telu1262,1.0,0.497,0.4585,0.3433,0.3556,0.0112
mara1378,afri1274,0.9014,0.7019,0.6538,0.4745,0.5413,0.2606
mara1378,viet1252,1.0,0.7665,0.6697,0.4745,0.5383,0.1285
mara1378,uigh1240,1.0,0.5981,0.5501,0.4097,0.5127,0.1168
mara1378,mode1248,0.8831,0.6097,0.6102,0.3433,0.5752,0.219
mara1378,nort2671,1.0,0.6088,0.5777,0.2952,0.5266,0.2617
mara1378,gali1258,0.9214,0.6046,0.5839,0.319,0.5148,0.3098
mara1378,serb1264,0.9014,0.6374,0.5697,0.195,0.4584,0.2291
mara1378,goth1244,0.8136,0.6611,0.6023,0.195,0.473,0.2102
mara1378,nucl1301,1.0,0.577,0.5547,0.3433,0.5638,0.1925
mara1378,mand1415,1.0,0.6065,0.6142,0.5273,0.5585,0.18
mara1378,urdu1245,0.6936,0.5141,0.5116,0.5049,0.4445,0.0522
mara1378,chur1257,0.8831,0.747,0.7139,0.6082,0.6348,0.226
mara1378,swed1254,0.8934,0.5911,0.585,0.4208,0.5352,0.2557
mara1378,dani1285,0.8934,0.588,0.5746,0.3862,0.47,0.2676
mara1378,indo1316,1.0,0.676,0.6142,0.3862,0.47,0.1828
mara1378,ukra1253,0.8831,0.5802,0.5614,0.195,0.5248,0.2263
mara1378,west2369,0.8003,0.597,0.5645,0.359,0.5342,0.1016
mara1378,hebr1245,1.0,0.6035,0.6312,0.4477,0.64,0.1769
mara1378,basq1248,0.9744,0.6107,0.5893,0.3862,0.553,0.293
mara1378,latv1249,0.8485,0.5868,0.5618,0.3433,0.5253,0.2384
mara1378,slov1268,0.8831,0.5942,0.5574,0.2871,0.4477,0.25
mara1378,croa1245,0.9014,0.675,0.6243,0.3613,0.5295,0.2438
mara1378,roma1327,0.9078,0.6095,0.5638,0.2677,0.4744,0.2247
mara1378,slov1269,0.8831,0.747,0.7139,0.6082,0.6348,0.241
mara1378,bulg1262,0.8934,0.5799,0.5715,0.2871,0.5533,0.2194
mara1378,port1283,0.9214,0.5966,0.5703,0.319,0.4726,0.3011
mara1378,dutc1256,0.9131,0.5669,0.5534,0.3918,0.5625,0.2764
mara1378,stan1293,0.9131,0.6802,0.6164,0.319,0.4513,0.2901
mara1378,ital1282,0.9131,0.6192,0.591,0.195,0.5248,0.2545
mara1378,stan1289,0.9176,0.6071,0.5607,0.2677,0.4488,0.2806
mara1378,hind1269,0.6936,0.5112,0.4826,0.4196,0.398,0.0324
mara1378,poli1260,0.8831,0.5358,0.55,0.2677,0.5464,0.2444
mara1378,stan1295,0.8934,0.5788,0.5722,0.4498,0.5522,0.2572
mara1378,oldf1239,0.9248,0.6199,0.5817,0.2048,0.4734,0.2836
mara1378,stan1288,0.9248,0.6333,0.5961,0.3433,0.5499,0.2935
mara1378,stan1290,0.9248,0.622,0.5846,0.4196,0.5174,0.2834
mara1378,finn1318,1.0,0.5838,0.5429,0.3862,0.4824,0.2498
mara1378,anci1242,0.8691,0.5607,0.5421,0.2677,0.4584,0.226
mara1378,norw1258,0.8831,0.5435,0.5109,0.4208,0.4265,0.2696
mara1378,stan1318,1.0,0.6824,0.6127,0.2871,0.4862,0.1423
mara1378,lati1261,0.8831,0.5403,0.5369,0.2677,0.5064,0.2548
mara1378,esto1258,0.9744,0.5759,0.5413,0.3433,0.4829,0.2417
mara1378,kore1280,1.0,0.546,0.5484,0.5348,0.4829,0.2139
mara1378,nucl1643,1.0,0.5666,0.5682,0.5587,0.5219,0.2354
mara1378,russ1263,0.8691,0.5502,0.562,0.2871,0.6018,0.1613
mara1378,czec1258,0.8934,0.5947,0.5838,0.2871,0.5957,0.2513
copt1239,russ1264,1.0,0.7333,0.659,0.4097,0.5018,0.2508
copt1239,nort2641,1.0,0.6704,0.6333,0.4745,0.5781,0.0567
copt1239,uppe1395,1.0,0.7684,0.7435,0.6082,0.6792,0.1136
copt1239,kaza1248,1.0,0.8807,0.7481,0.6172,0.577,0.1368
copt1239,nucl1235,1.0,0.698,0.6286,0.5049,0.5203,0.0704
copt1239,swed1236,1.0,0.7684,0.7435,0.6082,0.6792,0.1403
copt1239,lith1251,1.0,0.6581,0.6136,0.4097,0.5344,0.1184
copt1239,bela1254,1.0,0.6689,0.6021,0.4097,0.4065,0.1092
copt1239,mara1378,1.0,0.7177,0.662,0.4097,0.5248,0.1898
copt1239,tami1289,1.0,0.7631,0.6684,0.3862,0.5747,0.2114
copt1239,iris1253,1.0,0.58,0.5847,0.3918,0.5527,0.1645
copt1239,hung1274,1.0,0.6696,0.6163,0.3862,0.4756,0.0892
copt1239,telu1262,1.0,0.731,0.6271,0.3433,0.5157,0.1997
copt1239,afri1274,1.0,0.7354,0.6742,0.5469,0.4905,0.2247
copt1239,viet1252,1.0,0.6429,0.6055,0.3918,0.5225,0.2915
copt1239,uigh1240,1.0,0.7845,0.6839,0.5903,0.5228,0.1812
copt1239,mode1248,1.0,0.6127,0.6054,0.4477,0.558,0.0631
copt1239,nort2671,1.0,0.6478,0.6139,0.4278,0.5435,0.1761
copt1239,gali1258,1.0,0.6183,0.5808,0.4208,0.4592,0.1503
copt1239,serb1264,1.0,0.5734,0.5347,0.3433,0.4236,0.0756
copt1239,goth1244,1.0,0.5593,0.5364,0.4477,0.4736,0.0796
copt1239,nucl1301,1.0,0.7569,0.6656,0.4477,0.5559,0.048
copt1239,mand1415,1.0,0.6811,0.6474,0.359,0.5883,0.2887
copt1239,urdu1245,1.0,0.7173,0.6534,0.5792,0.5577,0.1436
copt1239,chur1257,1.0,0.7684,0.7435,0.6082,0.6792,0.0717
copt1239,swed1254,1.0,0.6308,0.6123,0.5049,0.5611,0.1425
copt1239,dani1285,1.0,0.6394,0.5927,0.3862,0.4569,0.1343
copt1239,indo1316,1.0,0.5778,0.5447,0.3862,0.4815,0.3439
copt1239,ukra1253,1.0,0.608,0.547,0.3433,0.3926,0.0883
copt1239,west2369,1.0,0.6625,0.608,0.4498,0.5056,0.095
copt1239,hebr1245,0.8278,0.537,0.573,0.5348,0.5886,0.0169
copt1239,basq1248,0.9852,0.6818,0.6508,0.4788,0.5897,0.1321
copt1239,latv1249,1.0,0.6188,0.573,0.3433,0.448,0.1254
copt1239,slov1268,1.0,0.6556,0.6066,0.4097,0.4815,0.0959
copt1239,croa1245,1.0,0.6432,0.577,0.3613,0.5037,0.0882
copt1239,roma1327,1.0,0.6308,0.5641,0.3862,0.4345,0.0809
copt1239,slov1269,1.0,0.7684,0.7435,0.6082,0.6792,0.0968
copt1239,bulg1262,1.0,0.6393,0.5923,0.4097,0.5265,0.0673
copt1239,port1283,1.0,0.566,0.5485,0.4208,0.4757,0.1396
copt1239,dutc1256,1.0,0.6026,0.5918,0.4745,0.5145,0.1337
copt1239,stan1293,1.0,0.6748,0.6388,0.4208,0.5443,0.1491
copt1239,ital1282,1.0,0.6133,0.5673,0.3433,0.4207,0.0914
copt1239,stan1289,1.0,0.6102,0.5779,0.3862,0.4756,0.1159
copt1239,hind1269,1.0,0.7086,0.6494,0.496,0.558,0.1806
copt1239,poli1260,1.0,0.6662,0.6247,0.3862,0.5204,0.1098
copt1239,stan1295,1.0,0.5854,0.5831,0.5273,0.5227,0.1084
copt1239,oldf1239,1.0,0.6201,0.5704,0.4717,0.4469,0.1269
copt1239,stan1288,1.0,0.6089,0.5698,0.3433,0.5037,0.1284
copt1239,stan1290,1.0,0.5587,0.5594,0.496,0.5202,0.1309
copt1239,finn1318,1.0,0.6783,0.6143,0.4788,0.5129,0.1586
copt1239,anci1242,1.0,0.591,0.5647,0.3862,0.4528,0.0587
copt1239,norw1258,1.0,0.5978,0.6261,0.5049,0.639,0.151
copt1239,stan1318,0.8136,0.627,0.5825,0.4097,0.4299,0.0512
copt1239,lati1261,1.0,0.6524,0.5998,0.4788,0.4236,0.089
copt1239,esto1258,0.9852,0.6606,0.6136,0.4477,0.507,0.1363
copt1239,kore1280,1.0,0.7334,0.6645,0.5348,0.5861,0.3226
copt1239,nucl1643,1.0,0.6983,0.6454,0.4788,0.5552,0.3435
copt1239,russ1263,1.0,0.611,0.5984,0.4097,0.4947,0.1711
copt1239,czec1258,1.0,0.6277,0.5791,0.4097,0.4632,0.1077
tami1289,russ1264,1.0,0.5305,0.4835,0.2677,0.4617,0.2022
tami1289,nort2641,1.0,0.6595,0.5878,0.3881,0.5752,0.1848
tami1289,uppe1395,1.0,0.7664,0.7221,0.5641,0.6263,0.2808
tami1289,kaza1248,1.0,0.7074,0.6603,0.5533,0.5641,0.1494
tami1289,nucl1235,1.0,0.6088,0.5671,0.4878,0.5747,0.186
tami1289,swed1236,1.0,0.7664,0.7221,0.5641,0.6263,0.2853
tami1289,lith1251,1.0,0.5715,0.547,0.3862,0.5698,0.2652
tami1289,bela1254,1.0,0.5948,0.5655,0.3862,0.5064,0.2587
tami1289,mara1378,1.0,0.5338,0.468,0.3862,0.3687,0.0352
tami1289,copt1239,1.0,0.7631,0.6684,0.3862,0.5747,0.2114
tami1289,iris1253,1.0,0.6987,0.5992,0.3881,0.507,0.3297
tami1289,hung1274,1.0,0.6519,0.5875,0.3729,0.5403,0.264
tami1289,telu1262,0.8831,0.3778,0.3975,0.1864,0.4327,0.0271
tami1289,afri1274,1.0,0.7527,0.6759,0.4646,0.5698,0.2498
tami1289,viet1252,1.0,0.8416,0.7019,0.3881,0.5801,0.1267
tami1289,uigh1240,1.0,0.5605,0.5114,0.4788,0.5,0.1485
tami1289,mode1248,1.0,0.6868,0.628,0.3277,0.5656,0.245
tami1289,nort2671,1.0,0.6758,0.6024,0.4934,0.5383,0.2906
tami1289,gali1258,1.0,0.6427,0.5806,0.1789,0.5079,0.3323
tami1289,serb1264,1.0,0.7065,0.5878,0.3277,0.4484,0.2553
tami1289,goth1244,1.0,0.7065,0.6023,0.3277,0.4617,0.2383
tami1289,nucl1301,1.0,0.5854,0.5617,0.427,0.5903,0.2191
tami1289,mand1415,1.0,0.6287,0.6235,0.439,0.5691,0.1956
tami1289,urdu1245,1.0,0.6015,0.5453,0.4878,0.4955,0.0833
tami1289,chur1257,1.0,0.7664,0.7221,0.5641,0.6263,0.2522
tami1289,swed1254,1.0,0.7095,0.639,0.409,0.5792,0.2841
tami1289,dani1285,1.0,0.6647,0.5996,0.3729,0.5046,0.2946
tami1289,indo1316,1.0,0.7682,0.637,0.2617,0.4627,0.1587
tami1289,ukra1253,1.0,0.6563,0.5912,0.3277,0.5559,0.2538
tami1289,west2369,1.0,0.6877,0.5936,0.439,0.5456,0.1289
tami1289,hebr1245,1.0,0.6924,0.6615,0.5096,0.6293,0.2001
tami1289,basq1248,0.967,0.6312,0.5921,0.4601,0.527,0.3163
tami1289,latv1249,1.0,0.5982,0.5472,0.427,0.5158,0.2672
tami1289,slov1268,1.0,0.6588,0.5867,0.3862,0.5046,0.2758
tami1289,croa1245,1.0,0.731,0.6058,0.3333,0.4784,0.2696
tami1289,roma1327,1.0,0.7137,0.612,0.3729,0.527,0.2518
tami1289,slov1269,1.0,0.7664,0.7221,0.5641,0.6263,0.2679
tami1289,bulg1262,1.0,0.7017,0.6261,0.3862,0.598,0.2458
tami1289,port1283,1.0,0.6564,0.5872,0.3141,0.4865,0.3238
tami1289,dutc1256,1.0,0.691,0.6109,0.3881,0.5729,0.3025
tami1289,stan1293,1.0,0.7352,0.6387,0.1789,0.5014,0.3158
tami1289,ital1282,1.0,0.638,0.6089,0.3277,0.5747,0.2792
tami1289,stan1289,1.0,0.675,0.5931,0.2617,0.5032,0.3039
tami1289,hind1269,1.0,0.5952,0.5297,0.4161,0.4661,0.0665
tami1289,poli1260,1.0,0.61,0.5653,0.2617,0.5003,0.2719
tami1289,stan1295,1.0,0.6828,0.6179,0.439,0.595,0.2833
tami1289,oldf1239,1.0,0.6846,0.6129,0.4407,0.4873,0.308
tami1289,stan1288,1.0,0.6953,0.5889,0.3277,0.5,0.316
tami1289,stan1290,1.0,0.7433,0.6414,0.4161,0.5776,0.3083
tami1289,finn1318,1.0,0.6812,0.5802,0.3729,0.5338,0.279
tami1289,anci1242,1.0,0.6457,0.5808,0.3729,0.4729,0.2508
tami1289,norw1258,1.0,0.6488,0.5628,0.4878,0.4785,0.2974
tami1289,stan1318,1.0,0.758,0.6394,0.3862,0.4995,0.1655
tami1289,lati1261,1.0,0.6358,0.5709,0.3729,0.4963,0.2791
tami1289,esto1258,0.967,0.6756,0.5573,0.3277,0.4484,0.2708
tami1289,kore1280,1.0,0.5863,0.5616,0.5096,0.5366,0.2253
tami1289,nucl1643,1.0,0.5378,0.5426,0.4601,0.552,0.2444
tami1289,russ1263,1.0,0.6369,0.6061,0.3862,0.611,0.1931
tami1289,czec1258,1.0,0.6192,0.5702,0.3862,0.568,0.2781
iris1253,russ1264,1.0,0.6561,0.5956,0.3918,0.482,0.2655
iris1253,nort2641,0.9087,0.635,0.5563,0.3325,0.5052,0.1704
iris1253,uppe1395,0.8919,0.747,0.6979,0.5,0.6137,0.0621
iris1253,kaza1248,1.0,0.8682,0.7419,0.6082,0.5789,0.2131
iris1253,nucl1235,0.86,0.6217,0.5806,0.4225,0.5339,0.1672
iris1253,swed1236,1.0,0.747,0.6979,0.5,0.6137,0.0654
iris1253,lith1251,0.86,0.5537,0.5268,0.3918,0.4761,0.0839
iris1253,bela1254,0.879,0.5075,0.5204,0.3918,0.524,0.0896
iris1253,mara1378,0.9014,0.6405,0.5967,0.3918,0.5291,0.3045
iris1253,copt1239,1.0,0.58,0.5847,0.3918,0.5527,0.1645
iris1253,tami1289,1.0,0.6987,0.5992,0.3881,0.507,0.3297
iris1253,hung1274,1.0,0.57,0.5705,0.3881,0.5563,0.0841
iris1253,telu1262,1.0,0.6504,0.5705,0.3455,0.5028,0.313
iris1253,afri1274,0.9087,0.6947,0.646,0.4759,0.5511,0.3381
iris1253,viet1252,1.0,0.6627,0.6172,0.3325,0.5033,0.3613
iris1253,uigh1240,1.0,0.7331,0.6223,0.4745,0.518,0.2391
iris1253,mode1248,0.8919,0.4715,0.5251,0.432,0.5803,0.1092
iris1253,nort2671,1.0,0.5053,0.5477,0.4788,0.5543,0.0943
iris1253,gali1258,0.9273,0.4755,0.4938,0.3418,0.5255,0.0502
iris1253,serb1264,0.9087,0.5755,0.5464,0.3455,0.4924,0.0963
iris1253,goth1244,0.8278,0.5359,0.5335,0.3455,0.482,0.1114
iris1253,nucl1301,1.0,0.6615,0.6094,0.432,0.5407,0.1365
iris1253,mand1415,1.0,0.6487,0.6258,0.3789,0.5516,0.3139
iris1253,urdu1245,0.9087,0.6345,0.5636,0.4225,0.48,0.2629
iris1253,chur1257,0.8919,0.747,0.6979,0.5,0.6137,0.1003
iris1253,swed1254,0.9014,0.5467,0.5542,0.3418,0.5622,0.0692
iris1253,dani1285,0.9014,0.543,0.5194,0.2952,0.5223,0.0461
iris1253,indo1316,1.0,0.6171,0.575,0.3881,0.4622,0.4286
iris1253,ukra1253,0.8919,0.4869,0.5073,0.3455,0.5527,0.094
iris1253,west2369,0.9087,0.6298,0.5696,0.3789,0.5069,0.2244
iris1253,hebr1245,1.0,0.46,0.5117,0.432,0.5448,0.1681
iris1253,basq1248,0.9724,0.621,0.588,0.3881,0.5436,0.0494
iris1253,latv1249,0.86,0.5271,0.534,0.3455,0.533,0.0842
iris1253,slov1268,0.8919,0.5154,0.5315,0.3918,0.5223,0.0729
iris1253,croa1245,0.9087,0.6068,0.5775,0.4359,0.4977,0.0809
iris1253,roma1327,0.9147,0.4887,0.4948,0.2952,0.5069,0.0973
iris1253,slov1269,0.8919,0.747,0.6979,0.5,0.6137,0.0783
iris1253,bulg1262,0.9014,0.5172,0.5245,0.3918,0.5277,0.1069
iris1253,port1283,0.9273,0.4509,0.4628,0.3418,0.4684,0.0523
iris1253,dutc1256,0.9196,0.534,0.5097,0.2338,0.491,0.0355
iris1253,stan1293,0.9196,0.6161,0.5812,0.3418,0.5193,0.0182
iris1253,ital1282,0.9196,0.5029,0.5197,0.3455,0.5711,0.0767
iris1253,stan1289,0.9237,0.5024,0.4954,0.2952,0.4839,0.0618
iris1253,hind1269,0.9087,0.6189,0.5532,0.3661,0.4861,0.2853
iris1253,poli1260,0.8919,0.5461,0.5485,0.2952,0.5549,0.0727
iris1253,stan1295,0.9014,0.5435,0.5347,0.3789,0.5298,0.0613
iris1253,oldf1239,0.9304,0.5207,0.5388,0.4359,0.506,0.0436
iris1253,stan1288,0.9304,0.4871,0.5023,0.432,0.4977,0.0618
iris1253,stan1290,0.9304,0.507,0.5252,0.3661,0.546,0.0368
iris1253,finn1318,1.0,0.5472,0.5426,0.3881,0.5501,0.092
iris1253,anci1242,0.879,0.4749,0.4856,0.2952,0.5145,0.1091
iris1253,norw1258,0.8919,0.5554,0.5352,0.3418,0.5299,0.0538
iris1253,stan1318,1.0,0.5172,0.526,0.3918,0.5176,0.1992
iris1253,lati1261,0.8919,0.5298,0.5284,0.2952,0.5359,0.0799
iris1253,esto1258,0.9724,0.5511,0.5158,0.3455,0.4695,0.0854
iris1253,kore1280,1.0,0.671,0.6289,0.5058,0.5339,0.3367
iris1253,nucl1643,1.0,0.6946,0.6173,0.3881,0.4761,0.3518
iris1253,russ1263,0.879,0.5034,0.5371,0.3918,0.5874,0.1981
iris1253,czec1258,0.9014,0.5352,0.5229,0.3918,0.5642,0.0661
hung1274,russ1264,1.0,0.5861,0.5176,0.3862,0.4689,0.2324
hung1274,nort2641,1.0,0.6291,0.5776,0.3881,0.5414,0.0904
hung1274,uppe1395,1.0,0.7251,0.6989,0.5641,0.6522,0.0253
hung1274,kaza1248,1.0,0.7733,0.7233,0.6545,0.5849,0.1473
hung1274,nucl1235,1.0,0.5009,0.4907,0.409,0.4756,0.0889
hung1274,swed1236,1.0,0.7251,0.6989,0.5641,0.6522,0.0558
hung1274,lith1251,1.0,0.5316,0.4927,0.2677,0.4287,0.0398
hung1274,bela1254,1.0,0.4642,0.4609,0.2677,0.381,0.0339
hung1274,mara1378,1.0,0.5593,0.533,0.2677,0.4901,0.2374
hung1274,copt1239,1.0,0.6696,0.6163,0.3862,0.4756,0.0892
hung1274,tami1289,1.0,0.6519,0.5875,0.3729,0.5403,0.264
hung1274,iris1253,1.0,0.57,0.5705,0.3881,0.5563,0.0841
hung1274,telu1262,1.0,0.5982,0.5389,0.3277,0.4744,0.247
hung1274,afri1274,1.0,0.6863,0.6095,0.3881,0.4325,0.2941
hung1274,viet1252,1.0,0.6795,0.6262,0.4646,0.495,0.313
hung1274,uigh1240,1.0,0.6466,0.568,0.4788,0.5122,0.1834
hung1274,mode1248,1.0,0.4581,0.5021,0.3277,0.5526,0.0271
hung1274,nort2671,0.6667,0.5507,0.5205,0.3918,0.5283,0.0992
hung1274,gali1258,1.0,0.5045,0.5131,0.3141,0.5083,0.09
hung1274,serb1264,1.0,0.5534,0.4932,0.1864,0.3964,0.0139
hung1274,goth1244,1.0,0.5534,0.5253,0.3277,0.4689,0.0324
hung1274,nucl1301,1.0,0.5311,0.4738,0.1864,0.443,0.0543
hung1274,mand1415,1.0,0.5489,0.5994,0.439,0.6049,0.2805
hung1274,urdu1245,1.0,0.5196,0.5394,0.4878,0.5612,0.1913
hung1274,chur1257,1.0,0.7251,0.6989,0.5641,0.6522,0.0179
hung1274,swed1254,1.0,0.5349,0.5265,0.3141,0.4904,0.0592
hung1274,dani1285,1.0,0.5201,0.5062,0.3729,0.3871,0.0469
hung1274,indo1316,1.0,0.6162,0.562,0.3729,0.4132,0.3813
hung1274,ukra1253,1.0,0.513,0.4765,0.1864,0.4021,0.0158
hung1274,west2369,1.0,0.5262,0.4932,0.3548,0.4429,0.1481
hung1274,hebr1245,1.0,0.5559,0.5908,0.5096,0.6219,0.0897
hung1274,basq1248,0.9896,0.5763,0.5715,0.3729,0.5484,0.0693
hung1274,latv1249,1.0,0.5588,0.4806,0.3277,0.3333,0.0473
hung1274,slov1268,1.0,0.517,0.5079,0.2677,0.438,0.0156
hung1274,croa1245,1.0,0.6015,0.5365,0.3333,0.4054,0.0119
hung1274,roma1327,1.0,0.5364,0.4808,0.2617,0.3944,0.0146
hung1274,slov1269,1.0,0.7251,0.6989,0.5641,0.6522,0.008
hung1274,bulg1262,1.0,0.4361,0.4554,0.2677,0.4681,0.0239
hung1274,port1283,1.0,0.5042,0.4937,0.3141,0.4185,0.0802
hung1274,dutc1256,1.0,0.5354,0.5026,0.2952,0.4234,0.0493
hung1274,stan1293,1.0,0.641,0.5963,0.3141,0.4581,0.0665
hung1274,ital1282,1.0,0.5183,0.4962,0.1864,0.4021,0.0287
hung1274,stan1289,1.0,0.5284,0.5095,0.2617,0.4145,0.0577
hung1274,hind1269,1.0,0.5354,0.5325,0.4161,0.5039,0.2189
hung1274,poli1260,1.0,0.5112,0.5277,0.2617,0.5007,0.0229
hung1274,stan1295,1.0,0.5405,0.5054,0.3548,0.4504,0.0235
hung1274,oldf1239,1.0,0.504,0.4911,0.3333,0.4418,0.0556
hung1274,stan1288,1.0,0.5351,0.5124,0.3277,0.5253,0.0743
hung1274,stan1290,1.0,0.5943,0.5077,0.3333,0.3122,0.0547
hung1274,finn1318,0.6082,0.4817,0.4124,0.2617,0.3235,0.0826
hung1274,anci1242,1.0,0.4841,0.4723,0.2617,0.3964,0.0334
hung1274,norw1258,1.0,0.5516,0.5335,0.409,0.5249,0.0652
hung1274,stan1318,1.0,0.6055,0.5415,0.2677,0.427,0.1208
hung1274,lati1261,1.0,0.5047,0.4831,0.3729,0.4251,0.0328
hung1274,esto1258,0.9896,0.5452,0.4827,0.3277,0.4522,0.0589
hung1274,kore1280,1.0,0.5763,0.526,0.5096,0.4278,0.3109
hung1274,nucl1643,1.0,0.6245,0.5915,0.5354,0.5354,0.3303
hung1274,russ1263,1.0,0.517,0.5087,0.2677,0.4706,0.1501
hung1274,czec1258,1.0,0.5659,0.5155,0.2677,0.4169,0.0194
telu1262,russ1264,1.0,0.4563,0.4726,0.195,0.5399,0.18
telu1262,nort2641,1.0,0.6501,0.5833,0.3455,0.5743,0.1675
telu1262,uppe1395,1.0,0.7546,0.6989,0.5859,0.5689,0.2632
telu1262,kaza1248,1.0,0.7218,0.687,0.529,0.6224,0.1251
telu1262,nucl1235,1.0,0.5778,0.5491,0.4576,0.5673,0.1671
telu1262,swed1236,1.0,0.7546,0.6989,0.5859,0.5689,0.2659
telu1262,lith1251,1.0,0.5722,0.5197,0.3433,0.4843,0.2457
telu1262,bela1254,1.0,0.5722,0.5456,0.3433,0.5,0.2395
telu1262,mara1378,1.0,0.497,0.4585,0.3433,0.3556,0.0112
telu1262,copt1239,1.0,0.731,0.6271,0.3433,0.5157,0.1997
telu1262,tami1289,0.8831,0.3778,0.3975,0.1864,0.4327,0.0271
telu1262,iris1253,1.0,0.6504,0.5705,0.3455,0.5028,0.313
telu1262,hung1274,1.0,0.5982,0.5389,0.3277,0.4744,0.247
telu1262,afri1274,1.0,0.7433,0.6525,0.432,0.4894,0.263
telu1262,viet1252,1.0,0.8046,0.6667,0.3455,0.5158,0.1209
telu1262,uigh1240,1.0,0.5499,0.533,0.4477,0.5702,0.1228
telu1262,mode1248,1.0,0.6838,0.6352,0.39,0.5901,0.2288
telu1262,nort2671,1.0,0.6568,0.6062,0.4638,0.6012,0.2696
telu1262,gali1258,1.0,0.6316,0.5683,0.2566,0.4941,0.3185
telu1262,serb1264,1.0,0.6742,0.5871,0.2736,0.5099,0.2388
telu1262,goth1244,1.0,0.686,0.6057,0.2736,0.5399,0.22
telu1262,nucl1301,1.0,0.5737,0.5285,0.39,0.5461,0.2027
telu1262,mand1415,1.0,0.5931,0.6145,0.4034,0.5702,0.1782
telu1262,urdu1245,1.0,0.5547,0.498,0.4576,0.4279,0.0633
telu1262,chur1257,1.0,0.7546,0.6989,0.5859,0.5689,0.2357
telu1262,swed1254,1.0,0.6634,0.5878,0.3695,0.4904,0.2644
telu1262,dani1285,1.0,0.6398,0.577,0.3277,0.4691,0.2766
telu1262,indo1316,1.0,0.7349,0.6236,0.1864,0.4878,0.1726
telu1262,ukra1253,1.0,0.6212,0.5596,0.2736,0.5157,0.2359
telu1262,west2369,1.0,0.6504,0.5881,0.4034,0.5447,0.1124
telu1262,hebr1245,1.0,0.6663,0.6358,0.4816,0.6104,0.1871
telu1262,basq1248,0.9819,0.6603,0.6063,0.427,0.5447,0.3019
telu1262,latv1249,1.0,0.5962,0.5487,0.39,0.5287,0.2474
telu1262,slov1268,1.0,0.6451,0.5866,0.3433,0.5059,0.2594
telu1262,croa1245,1.0,0.6916,0.6075,0.2804,0.553,0.2534
telu1262,roma1327,1.0,0.6748,0.5823,0.3277,0.5114,0.2344
telu1262,slov1269,1.0,0.7546,0.6989,0.5859,0.5689,0.2505
telu1262,bulg1262,1.0,0.6608,0.584,0.3433,0.5319,0.2292
telu1262,port1283,1.0,0.6243,0.5552,0.2566,0.4797,0.31
telu1262,dutc1256,1.0,0.6473,0.5827,0.3455,0.518,0.2854
telu1262,stan1293,1.0,0.7095,0.6206,0.2566,0.4519,0.2989
telu1262,ital1282,1.0,0.6368,0.5791,0.2736,0.5157,0.264
telu1262,stan1289,1.0,0.6534,0.575,0.1864,0.4565,0.2897
telu1262,hind1269,1.0,0.5738,0.4719,0.3776,0.3131,0.0399
telu1262,poli1260,1.0,0.5915,0.5748,0.1864,0.5379,0.2537
telu1262,stan1295,1.0,0.6337,0.5648,0.4034,0.5367,0.2665
telu1262,oldf1239,1.0,0.643,0.6041,0.4054,0.56,0.2926
telu1262,stan1288,1.0,0.6777,0.6071,0.39,0.5702,0.3025
telu1262,stan1290,1.0,0.7358,0.6021,0.3776,0.4777,0.2924
telu1262,finn1318,1.0,0.641,0.5465,0.3277,0.4843,0.2581
telu1262,anci1242,1.0,0.6162,0.5772,0.3277,0.5296,0.2357
telu1262,norw1258,1.0,0.6225,0.5228,0.4576,0.4152,0.2782
telu1262,stan1318,1.0,0.7163,0.633,0.3433,0.5499,0.1526
telu1262,lati1261,1.0,0.6064,0.5825,0.3277,0.5486,0.2643
telu1262,esto1258,0.9819,0.6227,0.5496,0.2736,0.5099,0.2505
telu1262,kore1280,1.0,0.4931,0.515,0.4816,0.5505,0.211
telu1262,nucl1643,1.0,0.475,0.5189,0.427,0.5511,0.2319
telu1262,russ1263,1.0,0.624,0.5908,0.3433,0.5801,0.1684
telu1262,czec1258,1.0,0.6275,0.57,0.3433,0.5431,0.2607
afri1274,russ1264,1.0,0.7306,0.6429,0.3918,0.4842,0.3902
afri1274,nort2641,0.9087,0.7389,0.6611,0.4759,0.5354,0.2592
afri1274,uppe1395,0.8919,0.6342,0.6415,0.5,0.6435,0.3121
afri1274,kaza1248,1.0,0.827,0.7436,0.6082,0.5416,0.3027
afri1274,nucl1235,0.86,0.6811,0.6294,0.4918,0.512,0.2718
afri1274,swed1236,1.0,0.6342,0.6415,0.5,0.6435,0.3373
afri1274,lith1251,0.86,0.64,0.5986,0.3918,0.4887,0.3221
afri1274,bela1254,0.879,0.6471,0.606,0.3918,0.4544,0.315
afri1274,mara1378,0.9014,0.7019,0.6538,0.4745,0.5413,0.2606
afri1274,copt1239,1.0,0.7354,0.6742,0.5469,0.4905,0.2247
afri1274,tami1289,1.0,0.7527,0.6759,0.4646,0.5698,0.2498
afri1274,iris1253,0.9087,0.6947,0.646,0.4759,0.5511,0.3381
afri1274,hung1274,1.0,0.6863,0.6095,0.3881,0.4325,0.2941
afri1274,telu1262,1.0,0.7433,0.6525,0.432,0.4894,0.263
afri1274,viet1252,1.0,0.7735,0.699,0.5354,0.5091,0.3487
afri1274,uigh1240,1.0,0.744,0.6402,0.3918,0.4723,0.331
afri1274,mode1248,0.8919,0.6543,0.6293,0.432,0.5643,0.2753
afri1274,nort2671,1.0,0.6913,0.647,0.4788,0.541,0.3674
afri1274,gali1258,0.9273,0.6227,0.5976,0.4225,0.5218,0.3066
afri1274,serb1264,0.9087,0.6689,0.6074,0.432,0.4683,0.2837
afri1274,goth1244,0.641,0.6935,0.6366,0.432,0.5094,0.2918
afri1274,nucl1301,1.0,0.7175,0.6214,0.3455,0.439,0.2655
afri1274,mand1415,1.0,0.7361,0.6971,0.5152,0.5984,0.3985
afri1274,urdu1245,0.9087,0.7391,0.6571,0.4918,0.5221,0.2548
afri1274,chur1257,0.8919,0.6342,0.6415,0.5,0.6435,0.2811
afri1274,swed1254,0.6936,0.6273,0.5872,0.3418,0.4666,0.3397
afri1274,dani1285,0.6936,0.6245,0.5703,0.3881,0.4068,0.3274
afri1274,indo1316,1.0,0.7124,0.649,0.4646,0.4773,0.3232
afri1274,ukra1253,0.8919,0.642,0.5875,0.432,0.4209,0.2971
afri1274,west2369,0.9087,0.7161,0.6561,0.5152,0.5413,0.2432
afri1274,hebr1245,1.0,0.6779,0.6459,0.5058,0.526,0.232
afri1274,basq1248,0.9724,0.7385,0.6899,0.4646,0.5971,0.3007
afri1274,latv1249,0.86,0.6422,0.5951,0.432,0.4405,0.3278
afri1274,slov1268,0.8919,0.6518,0.5979,0.3918,0.4313,0.2945
afri1274,croa1245,0.9087,0.7021,0.6312,0.4359,0.4723,0.2894
afri1274,roma1327,0.9147,0.6499,0.6001,0.4646,0.4809,0.2906
afri1274,slov1269,0.8919,0.6342,0.6415,0.5,0.6435,0.3004
afri1274,bulg1262,0.9014,0.6663,0.6005,0.3918,0.4834,0.2792
afri1274,port1283,0.9273,0.6292,0.5829,0.3418,0.4363,0.3009
afri1274,dutc1256,0.4544,0.6072,0.5526,0.4097,0.3988,0.3215
afri1274,stan1293,0.6638,0.636,0.6019,0.4225,0.4922,0.3303
afri1274,ital1282,0.9196,0.6247,0.5931,0.432,0.4683,0.2846
afri1274,stan1289,0.9237,0.6387,0.5827,0.3881,0.4325,0.2903
afri1274,hind1269,0.9087,0.6909,0.6383,0.4359,0.5176,0.279
afri1274,poli1260,0.8919,0.6601,0.6383,0.3881,0.5539,0.3121
afri1274,stan1295,0.439,0.6061,0.5341,0.3789,0.3574,0.3044
afri1274,oldf1239,0.9304,0.6762,0.6307,0.4359,0.5368,0.3052
afri1274,stan1288,0.9304,0.6643,0.637,0.5058,0.5984,0.2915
afri1274,stan1290,0.9304,0.646,0.5772,0.3661,0.4069,0.3116
afri1274,finn1318,1.0,0.6769,0.5885,0.2952,0.4233,0.3542
afri1274,anci1242,0.879,0.6753,0.6319,0.4646,0.5165,0.2669
afri1274,norw1258,0.6614,0.5982,0.5713,0.4225,0.5377,0.3436
afri1274,stan1318,1.0,0.7199,0.6712,0.4745,0.5231,0.2256
afri1274,lati1261,0.8919,0.6817,0.6281,0.4646,0.5165,0.2807
afri1274,esto1258,0.9724,0.6474,0.5842,0.3455,0.4683,0.3367
afri1274,kore1280,1.0,0.745,0.6799,0.572,0.5531,0.4212
afri1274,nucl1643,1.0,0.746,0.686,0.5933,0.5665,0.4341
afri1274,russ1263,0.879,0.6589,0.6147,0.3918,0.4858,0.3456
afri1274,czec1258,0.9014,0.6235,0.5731,0.3918,0.3833,0.307
